HEAD	PHRASE	FREQ
<M>	<M> and <W>	107972
<M>	both <M> and <W>	16483
<W>	<W> and <M>	12634
<M>	<M> or <W>	5527
<M>	young <M> and <W>	3604
<W>	both <W> and <M>	2126
<M>	all <M> and <W>	1700
<W>	<W> as well as <M>	1213
<M>	neither <M> nor <W>	1158
<M>	many <M> and <W>	1105
<M>	two <M> and <W>	1060
<W>	<W> than <M>	1028
<M>	old <M> and <W>	969
<W>	more <W> than <M>	959
<M>	<M> than <W>	846
<M>	black <M> and <W>	811
<W>	<M> <W>	777
<M>	<M> as well as <W>	692
<M>	good <M> and <W>	664
<M>	<M> and <W> alike	653
<M>	three <M> and <W>	648
<M>	more <M> than <W>	588
<M>	either <M> or <W>	560
<M>	one <M> and <W>	551
<M>	christian <M> and <W>	528
<M>	some <M> and <W>	501
<M>	white <M> and <W>	496
<M>	most <M> and <W>	490
<M>	ordinary <M> and <W>	477
<M>	<M> to <W>	461
<M>	older <M> and <W>	455
<W>	<W> or <M>	450
<M>	other <M> and <W>	445
<M>	great <M> and <W>	421
<W>	two <W> and <M>	407
<M>	such <M> and <W>	401
<M>	four <M> and <W>	358
<M>	working <M> and <W>	356
<M>	<W> <M>	334
<M>	five <M> and <W>	330
<M>	individual <M> and <W>	329
<W>	young <W> and <M>	328
<M>	his <M> and <W>	281
<M>	<M> over <W>	280
<M>	english <M> and <W>	266
<M>	free <M> and <W>	248
<M>	real <M> and <W>	237
<M>	six <M> and <W>	226
<M>	american <M> and <W>	225
<M>	about <M> and <W>	225
<M>	few <M> and <W>	224
<M>	adult <M> and <W>	224
<M>	<M> from <W>	217
<M>	grown <M> and <W>	213
<W>	<W> to <M>	209
<M>	elderly <M> and <W>	202
<M>	brave <M> and <W>	200
<M>	seven <M> and <W>	200
<W>	three <W> and <M>	195
<M>	our <M> and <W>	193
<M>	strong <M> and <W>	188
<M>	our young <M> and <W>	188
<W>	black <W> and <M>	187
<M>	living <M> and <W>	185
<M>	healthy <M> and <W>	182
<M>	<M> and <W> were	181
<M>	aged <M> and <W>	176
<M>	gay <M> and <W>	174
<M>	noble <M> and <W>	166
<W>	<M> versus <W>	166
<M>	<M> and <W> whose	164
<M>	several <M> and <W>	163
<M>	<M> and <W> working	163
<M>	best <M> and <W>	157
<W>	<W> with <M>	154
<W>	many <W> and <M>	154
<M>	many young <M> and <W>	154
<M>	educated <M> and <W>	153
<M>	african american <M> and <W>	153
<W>	fair <W> and <M>	152
<M>	married <M> and <W>	152
<W>	<W> children and <M>	149
<W>	old <W> and <M>	149
<M>	eight <M> and <W>	149
<M>	modern <M> and <W>	149
<M>	<M> and <W> are	148
<M>	better <M> and <W>	146
<M>	more <M> and <W>	144
<M>	dressed <M> and <W>	141
<W>	white <W> and <M>	140
<M>	its <M> and <W>	139
<M>	only <M> and <W>	139
<M>	holy <M> and <W>	137
<M>	<M> <W> and children	137
<M>	<M> with <W>	137
<M>	single <M> and <W>	134
<M>	<M> against <W>	133
<W>	four <W> and <M>	131
<M>	younger <M> and <W>	130
<M>	honest <M> and <W>	130
<M>	dozen <M> and <W>	129
<M>	<M> and <W> living	127
<W>	fewer <W> than <M>	126
<M>	intelligent <M> and <W>	125
<M>	<M> and years for <W>	123
<W>	all <W> and <M>	123
<M>	unmarried <M> and <W>	111
<M>	ten <M> and <W>	111
<W>	<W> like <M>	110
violence	<M> violence against <W>	108
violence	<M> 's violence against <W>	106
<M>	poor <M> and <W>	104
<W>	five <W> and <M>	103
<W>	one <W> and <M>	101
<M>	heterosexual <M> and <W>	98
<M>	true <M> and <W>	96
<M>	common <M> and <W>	96
<W>	<W> of <M>	95
<M>	<M> and <W> in world	94
<W>	<W> and <M> alike	94
<W>	<W> as <M>	92
<M>	<M> and <W> lived	92
<M>	countless <M> and <W>	90
<W>	<W> for <M>	90
<M>	their <M> and <W>	89
<M>	college <M> and <W>	89
<M>	little <M> and <W>	89
<M>	wise <M> and <W>	88
<M>	<M> and <W> worked	86
<M>	innocent <M> and <W>	86
<M>	few <M> or <W>	86
<M>	<M> for <W>	85
<W>	older <W> and <M>	85
<W>	<W> over <M>	84
<M>	certain <M> and <W>	84
<M>	looking <M> and <W>	84
<M>	average <M> and <W>	83
<M>	thoughtful <M> and <W>	83
<W>	other <W> and <M>	83
<M>	distinguished <M> and <W>	82
<W>	poor <W> and <M>	81
<M>	<W> versus <M>	81
<M>	both young <M> and <W>	81
<M>	thinking <M> and <W>	81
<M>	nine <M> and <W>	81
<M>	all <M> and <W> merely players	81
<M>	all <M> and all <W>	80
<W>	neither <W> nor <M>	78
<M>	enslaved <M> and <W>	78
<M>	successful <M> and <W>	78
<M>	colored <M> and <W>	77
ratio	ratio of <W> to <M>	77
<M>	<M> and <W> made	76
<M>	mature <M> and <W>	76
<W>	many <W> as <M>	74
<W>	<M> <W> and children	74
<W>	<W> from <M>	73
<M>	french <M> and <W>	73
<M>	indian <M> and <W>	73
<M>	<M> and <W> standing	73
<M>	over <M> and <W>	73
<W>	as many <W> as <M>	72
<M>	homosexual <M> and <W>	72
<M>	famous <M> and <W>	72
<M>	naked <M> and <W>	71
<M>	up <M> and <W>	70
<M>	cultivated <M> and <W>	70
<M>	class <M> and <W>	69
<M>	most <M> and all <W>	69
<M>	<M> and <W> work	67
<M>	twelve <M> and <W>	67
<M>	godly <M> and <W>	67
<M>	normal <M> and <W>	67
<M>	<M> and <W> in states	67
<M>	nearly <M> and <W>	66
<W>	<W> and years for <M>	66
<M>	twenty <M> and <W>	66
<M>	minded <M> and <W>	66
<M>	<M> and <W> met	65
<M>	jewish <M> and <W>	65
<M>	<M> of <W>	65
<M>	<M> and <W> together	64
<W>	<W> rather <M>	64
<M>	two <M> or <W>	64
<M>	her <M> and <W>	63
<M>	native <M> and <W>	63
<W>	asian american <W> and <M>	62
<M>	we <M> and <W>	62
<M>	<M> and <W> '	62
<M>	<M> and <W> came	62
<M>	longer <M> and <W>	62
<M>	no <M> and <W>	60
<M>	all young <M> and <W>	60
<M>	fifty <M> and <W>	60
<W>	beautiful <W> and <M>	59
<M>	<M> and <W> engaged	59
<M>	bad <M> and <W>	58
<M>	actual <M> and <W>	58
<M>	<M> by <W>	58
<W>	either <W> or <M>	58
<M>	<M> and <W> in society	58
<W>	individual <W> and <M>	58
<M>	muslim <M> and <W>	58
<M>	trained <M> and <W>	57
<W>	seven <W> and <M>	57
<W>	some <W> and <M>	57
<M>	many good <M> and <W>	57
<M>	your <M> and <W>	57
<M>	<M> like <W>	56
<M>	earnest <M> and <W>	56
<M>	<M> and <W> had	56
<M>	irish <M> and <W>	56
<M>	singing <M> and <W>	55
<M>	<M> <W>	55
<W>	african american <W> and <M>	55
<M>	active <M> and <W>	55
<M>	<M> and <W> of day	55
<M>	<M> and <W> served	54
<M>	medicine <M> and <W>	54
<M>	<M> and <W> have made	54
<M>	<M> and <W> doing	53
<M>	<M> as <W>	53
<M>	religious <M> and <W>	52
<W>	<W> against <M>	52
<M>	<M> and not <W>	51
<M>	<M> and some <W>	51
<W>	six <W> and <M>	51
<M>	all good <M> and <W>	50
<M>	eleven <M> and <W>	49
<M>	thirty <M> and <W>	49
<M>	you <M> and <W>	49
<M>	dead <M> and <W>	49
<M>	<M> and <W> aged	49
<M>	two young <M> and <W>	49
<M>	<M> and <W> interviewed	49
<M>	only <M> but <W>	48
<M>	forty <M> and <W>	48
<M>	% <M> and <W>	48
<M>	new <M> and <W>	48
<M>	<M> and <W> had known	48
<M>	japanese <M> and <W>	48
<M>	excited <M> and <W>	47
<M>	decent <M> and <W>	47
<W>	most <W> and <M>	47
<M>	fine <M> and <W>	46
<M>	approximately <M> and <W>	46
<M>	asian <M> and <W>	46
<M>	<M> and <W> knew	46
<M>	bodied <M> and <W>	46
<M>	<M> and <W> not	46
<M>	<M> nor <W>	46
<W>	american <W> and <M>	45
<M>	<M> and <W> sitting	45
<W>	married <W> and <M>	45
<M>	many <M> as <W>	44
<M>	chinese <M> and <W>	44
<M>	fifteen <M> and <W>	43
<W>	eight <W> and <M>	43
<M>	<M> and <W> employed	43
<M>	young <M> or <W>	43
<M>	professional <M> and <W>	43
<M>	<M> and <W> of world	43
<M>	freed <M> and <W>	42
<M>	<M> and <W> have	42
<M>	different <M> and <W>	42
<M>	<M> and <W> make	42
<M>	evil <M> and <W>	42
<M>	several hundred <M> and <W>	42
power	<M> 's power over <W>	42
<M>	mortal <M> and <W>	42
<M>	business <M> and <W>	42
<M>	all great <M> and <W>	42
<M>	<M> and <W> have been	42
<W>	<M> vs. <W>	41
<M>	<M> and <W> live	41
<M>	half <M> and <W>	41
<M>	no <M> or <W>	41
<M>	drunken <M> and <W>	40
<M>	leading <M> and <W>	39
<M>	some young <M> and <W>	39
<M>	beautiful <M> and <W>	39
<M>	busy <M> and <W>	39
<W>	about <W> and <M>	39
<W>	<W> and not <M>	39
<M>	<M> toward <W>	38
<M>	<M> and <W> coming	38
proportion	proportion of <W> to <M>	38
<M>	some <M> and some <W>	38
<M>	<M> and <W> separately	38
<M>	great many <M> and <W>	37
equality	<W> 's equality with <M>	37
<M>	blind <M> and <W>	37
<M>	british <M> and <W>	37
<M>	<M> and <W> gathered	37
<M>	respectable <M> and <W>	37
<W>	<W> <M>	37
<M>	u.s. <M> and <W>	37
<M>	<M> and <W> different	37
<W>	dressed <W> and <M>	37
<M>	<M> and <W> born	37
<M>	lay <M> and <W>	36
<M>	<M> and <W> of time	36
<M>	civilized <M> and <W>	36
<M>	as many <M> as <W>	36
<M>	<M> in <W>	36
<M>	faithful <M> and <W>	36
<M>	<M> and <W> regarding	36
<M>	not <M> and <W>	36
<W>	only <W> but <M>	36
<M>	greatest <M> and <W>	36
<M>	their fellow <M> and <W>	35
<M>	peasant <M> and <W>	35
ratio	ratio of <M> to <W>	35
<M>	africana <M> and <W>	35
<M>	<M> and <W> in uniform	35
<M>	<M> and his <W>	35
<M>	<M> and <W> know	35
<M>	literary <M> and <W>	35
<M>	military <M> and <W>	35
<M>	contemporary <M> and <W>	34
<M>	same <M> and <W>	34
<M>	our fellow <M> and <W>	34
<M>	homeless <M> and <W>	34
<M>	european <M> and <W>	34
<M>	both black <M> and <W>	34
<M>	devoted <M> and <W>	34
<M>	simple <M> and <W>	34
<M>	young black <M> and <W>	33
<M>	<M> and <W> in dress	33
<W>	few <W> and <M>	33
<M>	<M> and <W> in room	33
<M>	fewer <M> than <W>	33
<M>	<M> and <W> sat	33
<M>	<M> and <W> dancing	33
<M>	strange <M> and <W>	33
<M>	eminent <M> and <W>	33
<M>	all other <M> and <W>	32
<M>	thousand <M> and <W>	32
<M>	<M> without <W>	32
<M>	service <M> and <W>	32
domination	<M> domination of <W>	32
<M>	<M> and <W> going	32
<M>	african <M> and <W>	32
<M>	many other <M> and <W>	32
<M>	obese <M> and <W>	32
<M>	<M> and <W> in countries	32
<M>	<M> and <W> in groups	32
<M>	both <M> and <W> alike	32
<M>	<M> on <W>	32
<W>	% <W> and <M>	32
<M>	being <M> or <W>	32
<W>	<W> and some <M>	32
<W>	<W> children as well as <M>	32
<M>	perfect <M> and <W>	32
<M>	<M> and <W> about him	31
<M>	both <M> and <W> in states	31
<M>	50 <M> and <W>	31
<M>	negro <M> and <W>	31
<M>	fourteen <M> and <W>	31
<M>	<M> and percent of <W>	31
<M>	his fellow <M> and <W>	31
<W>	nine <W> and <M>	31
<M>	<M> and <W> saw	31
<M>	other <M> or <W>	31
<M>	sane <M> and <W>	31
<M>	faced <M> and <W>	31
<M>	<M> and <W> passed	31
<M>	plain <M> and <W>	31
<M>	<M> towards <W>	30
<M>	prominent <M> and <W>	30
<M>	<M> and <W> of city	30
<M>	our brave <M> and <W>	30
<M>	sensible <M> and <W>	30
<M>	<M> and <W> respectively	30
<W>	zanzibari <W> and <M>	30
<M>	local <M> and <W>	30
<M>	<M> and <W> waiting	30
<M>	able <M> and <W>	30
<M>	my fellow <M> and <W>	30
<M>	<M> and <W> serve	29
<M>	<M> and <W> serving	29
<M>	clever <M> and <W>	29
<M>	<M> and not for <W>	29
<M>	<M> and <W> was	29
<M>	<M> & <W>	29
<M>	more young <M> and <W>	29
<M>	courageous <M> and <W>	29
<M>	brilliant <M> and <W>	29
<M>	fallen <M> and <W>	29
<W>	lesbian <W> and <M>	29
<M>	<M> and <W> around him	29
<M>	<M> and <W> created	29
<M>	my <M> and <W>	29
<M>	<M> and <W> belonging	29
<M>	german <M> and <W>	29
<M>	hundred <M> and <W>	29
<W>	<W> by <M>	29
<M>	thirteen <M> and <W>	29
<M>	3 <M> and <W>	28
<M>	<M> and <W> years	28
<M>	<M> and <W> of his time	28
<M>	rich <M> and <W>	28
<M>	<M> and <W> in life	28
<M>	an old <M> and <W>	28
<M>	<M> and <W> walking	28
<M>	<M> and <W> went	28
subordination	<W> 's subordination to <M>	28
<M>	sick <M> and <W>	28
<M>	many more <M> than <W>	28
<M>	it <M> and <W>	27
<M>	clad <M> and <W>	27
<M>	sinful <M> and <W>	27
<M>	<M> and <W> here	27
<M>	rough <M> and <W>	27
<M>	learned <M> and <W>	27
<W>	rural <W> and <M>	27
<M>	divorced <M> and <W>	27
<W>	heterosexual <W> and <M>	27
<M>	<M> and <W> fought	27
<M>	<M> and <W> of forces	27
<W>	ordinary <W> and <M>	27
<M>	<M> and <W> in general	27
<M>	<M> and <W> meet	27
<M>	noblest <M> and <W>	27
<M>	our <M> and <W> in uniform	27
<M>	being <M> and <W>	27
<M>	<M> and <W> died	27
<M>	capable <M> and <W>	27
<W>	ten <W> and <M>	26
<W>	pretty <W> and <M>	26
<M>	they <M> or <W>	26
<M>	<M> and <W> had been	26
<M>	<M> and <W> dressed	26
<M>	wealthy <M> and <W>	26
<M>	handsome <M> and <W>	26
<M>	<M> but not <W>	26
<M>	<M> and <W> moving	26
<M>	haired <M> and <W>	26
<M>	<M> and <W> of god	26
<M>	splendid <M> and <W>	26
<M>	as <W> <M>	25
<M>	sixteen <M> and <W>	25
<M>	<M> and <W> 's roles	25
<M>	<M> and <W> as	25
<M>	bred <M> and <W>	25
<W>	more <W> and <M>	25
<W>	elderly <W> and <M>	25
<M>	<M> and <W> in family	25
<M>	suffering <M> and <W>	25
<M>	asian american <M> and <W>	25
<M>	overweight <M> and <W>	25
<M>	first <M> and <W>	25
<M>	even <M> and <W>	25
<W>	indian <W> and <M>	25
<M>	our fighting <M> and <W>	25
<M>	<M> and <W> throughout history	24
<M>	<M> rather <W>	24
<M>	idle <M> and <W>	24
<M>	both older <M> and <W>	24
<M>	<M> and <W> of century	24
<M>	eighteen <M> and <W>	24
<M>	<M> and <W> looking	24
<M>	<M> and <W> in terms	24
<M>	only <M> or <W>	24
<M>	<M> and <W> had come	24
<M>	northern <M> and <W>	24
<M>	starving <M> and <W>	24
<W>	working <W> and <M>	24
<M>	<M> <M> and <W>	23
<M>	representative <M> and <W>	23
<M>	dedicated <M> and <W>	23
<M>	<M> and <W> of past	23
<M>	pious <M> and <W>	23
<M>	weary <M> and <W>	23
<M>	<M> and <W> in workplace	23
<M>	<M> and <W> in study	23
<M>	<M> and <W> in relationships	23
<M>	other young <M> and <W>	23
<W>	good <W> and <M>	23
<M>	<M> and <W> too	23
<M>	useful <M> and <W>	23
<M>	<M> and <W> brought	23
<M>	korean <M> and <W>	22
differences	<W> 's differences from <M>	22
<M>	<M> and <W> of village	22
<W>	class <W> and <M>	22
<M>	6 <M> and <W>	22
<M>	<M> and <W> of species	22
<M>	heroic <M> and <W>	22
<M>	<M> and <W> of future	22
<M>	unrelated <M> and <W>	22
<M>	<M> and <W> of age	22
<W>	both young <W> and <M>	22
<M>	young american <M> and <W>	22
<M>	<M> and <W> involved	22
<M>	<M> and <W> based	22
subordination	subordination of <W> to <M>	22
<M>	gifted <M> and <W>	22
preference	<W> preference for <M>	22
<W>	muslim <W> and <M>	22
<M>	<M> and <W> do	22
<M>	<M> and <W> in numbers	22
<M>	many noble <M> and <W>	22
<M>	virtuous <M> and <W>	22
<M>	<M> and <W> stood	22
<M>	<M> and <W> from all parts	22
<M>	humble <M> and <W>	22
<M>	human <M> and <W>	22
<M>	<M> and <W> have had	22
<M>	<M> and <W> have given	22
<M>	<M> and <W> had lived	22
<M>	laboring <M> and <W>	22
<M>	canadian <M> and <W>	21
<M>	them <M> and <W>	21
<M>	13 <M> and <W>	21
<M>	<M> and <W> have seen	21
<M>	odd <M> and <W>	21
<M>	100 <M> and <W>	21
<M>	nineteen <M> and <W>	21
<M>	indigenous <M> and <W>	21
dominance	<M> dominance over <W>	21
<M>	every <M> and <W>	21
<M>	<M> and <W> called	21
<M>	innumerable <M> and <W>	21
<M>	graceful <M> and <W>	21
<M>	<M> and <W> of boston	21
<M>	effeminate <M> and <W>	21
<W>	many <W> as well as <M>	21
<M>	armed <M> and <W>	21
<M>	all <M> or all <W>	21
<M>	happy <M> and <W>	21
<M>	wicked <M> and <W>	21
<M>	as <M> and <W>	21
<W>	ten genteel <W> for <M>	21
<M>	<M> and <W> trained	21
<W>	slatternly <W> and <M>	21
<M>	10 <M> and <W>	20
<M>	<M> and <W> talking	20
<M>	known <M> and <W>	20
<M>	medieval <M> and <W>	20
<M>	all christian <M> and <W>	20
<M>	<M> and <W> in church	20
<M>	catholic <M> and <W>	20
<W>	brave <W> and <M>	20
<M>	<M> and <W> striving	20
<M>	<M> and <W> painted	20
<M>	<M> and <W> passing	20
<M>	<M> and <W> in positions	20
<W>	bisexual <W> and <M>	20
<M>	elderly european <M> and <W>	20
<M>	<M> and <W> in ways	20
<W>	adult <W> and <M>	20
<M>	<M> and <W> wearing	20
<M>	<M> and <W> were fighting	20
<W>	7 <W> and <M>	20
<M>	particular <M> and <W>	20
<M>	enlisted <M> and <W>	20
<W>	single <W> and <M>	19
<M>	honest <M> and <W> over many	19
<M>	our great <M> and <W>	19
<M>	<M> and <W> in street	19
<M>	spanish <M> and <W>	19
<W>	twelve <W> and <M>	19
<M>	not all <M> and <W>	19
<M>	<M> and <W> equally	19
<M>	tortured <M> and <W>	19
<M>	many grown <M> and <W>	19
<M>	made <M> and <W>	19
<M>	<M> and <W> in relation	19
<M>	haling <M> and <W>	19
<M>	<M> and <W> gave	19
<M>	some <M> and <W> compared is	19
<M>	intellectual <M> and <W>	19
<M>	<M> and <W> in it	19
<M>	<M> and <W> using	19
<M>	<M> and <W> used	19
<M>	<M> and <W> had seen	19
<M>	several young <M> and <W>	19
<M>	<M> and <W> dead	19
<W>	mexican <W> and <M>	19
dependence	<W> 's economic dependence on <M>	19
boys	boys girls <M> and <W>	19
<M>	only old <M> and <W>	19
<W>	only <W> and <M>	19
<M>	minority <M> and <W>	19
<M>	<M> and <W> in america	19
<M>	high heaven <M> and <W>	19
<M>	union <M> and <W>	19
<M>	<M> and <W> became	19
<M>	new england <M> and <W>	19
<M>	<M> and <W> heard	19
<M>	aging <M> and <W>	19
<M>	unhappy <M> and <W>	18
<W>	<W> without <M>	18
<M>	seventeen <M> and <W>	18
<M>	<M> and <W> spoke	18
<M>	12 <M> and <W>	18
<M>	<M> and <W> in our society	18
<W>	native <W> and <M>	18
partners	<M> partners of <W>	18
<M>	<M> and <W> seeking	18
<M>	<M> and <W> in societies	18
<M>	<M> and <W> in streets	18
<M>	vicious <M> and <W>	18
<M>	<M> and <W> labored	18
<M>	all true <M> and <W>	18
<M>	1 <M> and <W>	18
<W>	twice as many <W> as <M>	18
<M>	than <M> and <W>	18
<M>	aquarius <M> and <W>	18
<M>	20 <M> and <W>	18
<M>	<M> and <W> of era	18
<M>	<M> and <W> on terms	18
<M>	pure <M> and <W>	18
<M>	frightened <M> and <W>	18
<M>	cultured <M> and <W>	18
<M>	<M> and <W> come	18
<M>	skilled <M> and <W>	18
<M>	black <M> or <W>	18
<M>	<M> and <W> concerning	17
<M>	<M> and <W> on earth	17
<W>	only <W> or <M>	17
<W>	all <W> and all <M>	17
<M>	free black <M> and <W>	17
<M>	200 <M> and <W>	17
rape	rape of <W> by <M>	17
<M>	<M> and <W> around us	17
<M>	<M> and <W> over age	17
<M>	interesting <M> and <W>	17
<M>	looking <M> and <W> everywhere	17
<M>	loving <M> and <W>	17
<M>	numerous <M> and <W>	17
<M>	popular <M> among <W>	17
<W>	many <W> and some <M>	17
<M>	silly <M> and <W>	17
<M>	manly <M> and <W>	17
<W>	postmenopausal <W> and <M>	17
<M>	<M> and <W> of all ages	17
<W>	<W> and percent of <M>	17
<W>	local <W> and <M>	17
<M>	hypercholesterolemic <M> and <W>	17
<M>	worthy <M> and <W>	17
<M>	<M> but <W>	17
<M>	moral <M> and <W>	17
<M>	coarse <M> and <W>	17
<M>	our military <M> and <W>	17
<M>	many famous <M> and <W>	17
<M>	hearted <M> and <W>	17
<M>	celebrated <M> and <W>	17
<M>	<M> and <W> have lived	17
<M>	unemployed <M> and <W>	17
<M>	age <M> and <W>	17
<M>	serious <M> and <W>	17
<M>	<M> and <W> taking	17
<M>	14 <M> and <W>	17
<W>	10 <W> and <M>	17
<M>	many poor <M> and <W>	17
<M>	many successful <M> and <W>	17
<W>	younger <W> and <M>	17
<M>	neither <M> or <W>	17
<M>	<M> and <W> in clothes	16
<M>	<M> and <W> in country	16
<M>	<M> and <W> struggling	16
control	<M> control over <W>	16
<W>	hysterical <W> and <M>	16
<M>	various <M> and <W>	16
<M>	<M> and <W> holding	16
<M>	our best <M> and <W>	16
<M>	<M> and <W> seemed	16
<M>	hispanic <M> and <W>	16
<M>	<M> and <W> seated	16
<W>	college <W> and <M>	16
<M>	only do <M> and <W>	16
<M>	many christian <M> and <W>	16
<M>	many brave <M> and <W>	16
<M>	<M> and <W> took	16
partners	<W> partners of <M>	16
<W>	<W> among <M>	16
<W>	<M> <W> and <M>	16
<M>	one <M> with <W>	16
<W>	<W> and <M> '	16
<M>	hungry <M> and <W>	16
<W>	times more <W> than <M>	16
<M>	many <M> and some <W>	16
<M>	<M> and <W> of america	16
<M>	weak <M> and <W>	16
<W>	several <W> and <M>	16
<M>	powerful <M> and <W>	16
<M>	practical <M> and <W>	16
<M>	<M> and <W> of department	16
<M>	<M> and <W> of england	16
<M>	<M> and <W> of generation	16
<W>	aged <W> and <M>	16
<M>	live <M> and <W>	16
<M>	almost <M> and <W>	16
<M>	smiling <M> and <W>	16
<M>	level <M> and <W>	16
<M>	<M> and <W> of north	16
dependence	<W> 's dependence on <M>	16
<W>	many more <W> than <M>	16
<M>	just <M> and <W>	16
<M>	skinned <M> and <W>	16
<M>	devout <M> and <W>	16
<M>	desperate <M> and <W>	16
<M>	<M> and <W> of souls	16
<M>	<M> and <W> of south	16
<W>	english <W> and <M>	16
<M>	responsible <M> and <W>	16
<M>	<M> and <W> build	16
<M>	63 <M> and <W>	15
<M>	7 <M> and <W>	15
<M>	young <M> as well as <W>	15
<M>	notable <M> and <W>	15
<M>	it many <M> and <W>	15
<M>	few old <M> and <W>	15
<M>	their young <M> and <W>	15
<M>	southern <M> and <W>	15
<M>	<M> and <W> there	15
<M>	<M> and <W> out	15
<M>	<M> and <W> performing	15
<M>	born <M> and <W>	15
<M>	godlike <M> and <W>	15
<M>	werowance <M> and <W>	15
<M>	<M> and <W> of type	15
<M>	our service <M> and <W>	15
<M>	<M> and <W> of state	15
<M>	<M> above <W>	15
attitudes	<M> 's attitudes toward <W>	15
<W>	two <W> or <M>	15
<W>	two young <W> and <M>	15
<M>	mostly <M> and <W>	15
<W>	both black <W> and <M>	15
<M>	<M> and <W> make up	15
<M>	great <M> or <W>	15
<M>	educated young <M> and <W>	15
<M>	<M> and <W> in cultures	15
<W>	educated <W> and <M>	15
<W>	he - <M> ' <W>	15
<M>	15 <M> and <W>	15
<M>	deed <M> and <W>	15
<M>	death <M> and <W>	15
<M>	healthy older <M> and <W>	15
<M>	<M> and <W> had made	15
<M>	mere <M> and <W>	15
<M>	<M> and <W> from all	15
<M>	rural <M> and <W>	14
<M>	consecrated <M> and <W>	14
<M>	<M> and <W> filled	14
<M>	righteous <M> and <W>	14
<M>	<M> and <W> everywhere	14
<M>	congenial <M> and <W>	14
<M>	<M> and <W> drinking	14
<M>	<M> and <W> have gone	14
<M>	day <M> and <W>	14
<M>	<M> and <W> in all walks	14
<M>	<M> and <W> being	14
<M>	<M> and <W> at work	14
<M>	<M> and <W> in century	14
<M>	<M> and <W> around world	14
<M>	<M> an <W>	14
<W>	indigenous <W> and <M>	14
<M>	drinking <M> and <W>	14
<M>	private <M> and <W>	14
<M>	many great <M> and <W>	14
<M>	silent <M> and <W>	14
<M>	many distinguished <M> and <W>	14
<W>	living <W> and <M>	14
<M>	portuguese <M> and <W>	14
<W>	<W> between <M>	14
<M>	<M> and <W> of bible	14
<M>	<M> and <W> of classes	14
<M>	view <M> and <W>	14
<W>	<W> on <M>	14
<M>	enlightened <M> and <W>	14
<M>	all decent <M> and <W>	14
<M>	<M> about <W>	14
<M>	<M> <W> and their children	14
<M>	everywhere <M> and <W>	14
<M>	40 <M> and <W>	14
<M>	imperfect <M> and <W>	14
<M>	incarcerated <M> and <W>	14
<M>	bisexual <M> and <W>	14
<M>	<M> <W> and boys	14
<M>	<M> <W> and how	14
<M>	future <M> and <W>	14
<M>	three <M> and an <W>	14
domination	domination of <W> by <M>	14
<M>	450 <M> and <W>	14
<M>	<M> and <W> surrounding	14
<M>	believing <M> and <W>	14
<M>	all young <M> and <W> employed	14
<M>	fewer <M> and <W>	14
<M>	its young <M> and <W>	14
<M>	only few <M> and <W>	14
<M>	supercilious <M> and <W>	14
<M>	five young <M> and <W>	14
<M>	around <M> and <W>	13
<M>	asymptomatic <M> and <W>	13
<M>	forty <M> and <W> in it	13
<M>	successful <M> and <W> have graduated	13
<M>	fine <M> and <W> whose	13
dependence	<W> 's dependence upon <M>	13
<M>	o <M> and <W>	13
<M>	almost all <M> and <W>	13
<M>	than young <M> and <W>	13
<M>	nude <M> and <W>	13
<M>	straight <M> and <W>	13
<M>	<M> and <W> writing	13
<M>	little old <M> and <W>	13
<M>	spirited <M> and <W>	13
<M>	interested <M> or <W>	13
<M>	lost <M> and <W>	13
<M>	some strong <M> and <W>	13
<M>	noble <M> and <W> plead	13
<W>	nearly as many <W> as <M>	13
<M>	infected <M> and <W>	13
<M>	industrious <M> and <W>	13
<M>	thousand young <M> and <W>	13
<M>	<M> and <W> representing	13
<M>	5 <M> and <W>	13
<M>	some french <M> and <W>	13
<M>	<M> and <W> read	13
<M>	ignorant <M> and <W>	13
<M>	fellow <M> and <W>	13
<M>	gallant <M> and <W>	13
<M>	farm <M> and <W>	13
<M>	white <M> or <W>	13
<M>	sober <M> and <W>	13
<M>	three young <M> and <W>	13
<W>	<W> but not <M>	13
<M>	time <M> and <W>	13
<M>	today <M> and <W>	13
<M>	every good cause <M> and <W> are contending	13
<M>	your own <M> and <W>	13
<M>	<M> and <W> look	13
<M>	good <M> and <W> at madison	13
<M>	<M> and <W> in uniforms	13
<M>	<M> and <W> in them	13
<M>	enough <M> and <W>	13
<W>	asian <W> and <M>	13
<M>	<M> and <W> in occupations	13
<M>	employed <M> and <W>	13
<M>	eleven earnest young <M> and <W>	13
<M>	<M> and <W> in community	13
<M>	<M> and <W> in book	13
<M>	<M> and <W> in basketball	13
<M>	all <M> and <W> are	13
power	<M> power over <W>	13
<M>	<M> and <W> held	13
<M>	<M> and <W> have received	13
<M>	unsatisfied <M> and <W>	13
<M>	positive <M> and <W>	13
<M>	unkempt <M> <W> and uncared	13
<M>	about young <M> and <W>	13
<M>	meeting <M> and <W>	13
<M>	<M> and <W> from backgrounds	13
<M>	mighty <M> and <W>	13
<M>	qualified <M> and <W>	13
<M>	<M> and <W> distinguished	13
<M>	<M> and <W> day	13
<M>	<M> and <W> are trying	13
<M>	deaf <M> and <W>	13
<M>	rational <M> and <W>	13
<M>	<M> and <W> around her	13
<M>	<M> and <W> bred	13
<M>	depressed <M> and <W>	13
<M>	<M> and <W> associated	13
<M>	<M> and <W> assembled	13
<M>	ardent young <M> and <W>	13
<M>	<M> and <W> at moments	12
<M>	dim <M> and <W>	12
<M>	reasonable <M> and <W>	12
<M>	<M> and <W> built	12
<M>	<M> and <W> arranging	12
<M>	more <M> and <W> in procession	12
<M>	<M> and <W> crowded	12
<M>	<M> and <W> composing	12
<M>	23 <M> and <W>	12
<M>	criminal <M> and <W>	12
<M>	<M> and <W> for each other	12
<M>	ablest <M> and <W>	12
<M>	saintly <M> and <W>	12
<M>	conscientious <M> and <W>	12
<M>	uneducated <M> and <W>	12
<M>	<M> and <W> had been brought	12
<M>	<M> and <W> getting	12
<W>	chinese <W> and <M>	12
<M>	eager <M> and <W>	12
<M>	most distinguished <M> <W> and your attitude	12
<M>	unfortunate <M> and <W>	12
<M>	<M> and <W> had danced	12
<M>	efficient <M> and <W>	12
<M>	150 <M> and <W>	12
<M>	<M> and <W> have reached	12
<M>	senior <M> and <W>	12
<M>	eighty <M> and <W>	12
<M>	maori <M> and <W>	12
<M>	all <M> <W> there and thereabouts	12
<M>	upright <M> and <W>	12
<M>	all <M> and <W> are have done	12
<M>	all <M> and <W> met	12
<M>	mourning <M> and <W>	12
<M>	many talented <M> and <W>	12
<M>	<M> and <W> in england	12
<M>	elite <M> and <W>	12
<M>	many thoughtful <M> and <W>	12
<M>	<M> and <W> in europe	12
<M>	century <M> and <W>	12
<M>	<M> and <W> in market	12
<W>	<W> as well <M>	12
<M>	twice as many <M> as <W>	12
<M>	outstanding <M> and <W>	12
<M>	many intelligent <M> and <W>	12
<M>	<M> vs. <W>	12
<M>	our old <M> and <W>	12
<M>	<M> and <W> is	12
<M>	4 <M> and <W>	12
<M>	western <M> and <W>	12
<M>	<M> and <W> of all creeds	12
<M>	tired <M> and <W>	12
<M>	<M> and <W> of days	12
<M>	toiling <M> and <W>	12
<W>	two old <W> and <M>	12
<M>	times <M> than <W>	12
<M>	honorable <M> and <W>	12
<M>	<M> and <W> of our forces	12
<M>	<M> and <W> of one	12
<M>	400 <M> and <W>	12
<M>	whole <M> and <W>	12
ratio	new ratio of <W> to <M>	12
<M>	fashionable <M> and <W>	12
<M>	<M> and <W> of zanah	12
<M>	wild <M> and <W>	12
<M>	wild young <M> and <W>	12
<M>	both <M> and <W> in england	12
<M>	other <W> 's <M>	12
<M>	independent <M> and <W>	12
<M>	wonderful <M> and <W>	12
<W>	such <W> and <M>	12
<M>	some old <M> and <W>	12
<M>	<M> and <W> sing	12
<M>	<M> and <W> settled	12
<M>	world <M> and <W>	12
<M>	all normal <M> and <W>	12
<M>	loyal <M> and <W>	12
<M>	<M> and <W> to spoke	12
<M>	<M> per <W>	12
<M>	all sensible <M> and <W>	12
<M>	other <M> and <W> in congregation feel	12
<M>	few southern <M> and <W> on board	12
<M>	fielding 's <M> and <W>	12
<M>	stricken <M> and <W>	12
<M>	ambitious <M> and <W>	12
<M>	lean <M> and <W>	12
<M>	anglo <M> and <W>	12
<M>	any <M> or <W>	12
<M>	foolish <M> and <W>	12
<M>	arab <M> and <W>	12
relatives	<M> relatives of <W>	11
<M>	talented young <M> and <W>	11
<M>	talented <M> and <W>	11
<M>	tall <M> and <W>	11
relationships	<M> 's relationships with <W>	11
<M>	insane <M> and <W>	11
<M>	ambitious young <M> and <W>	11
<M>	many <M> and <W> to know	11
<M>	<M> and <W> wrote	11
<W>	older <W> than <M>	11
rights	<M> 's rights and <W> 's rights	11
<M>	hypertensive <M> and <W>	11
<M>	<M> and <W> upon our coasts	11
<M>	<M> and <W> unchanged	11
<M>	<M> and <W> trying	11
<M>	many able <M> and <W>	11
<M>	<M> and <W> to be sold	11
<M>	<M> and <W> thought	11
mates	<W> mates with <M>	11
<M>	11 <M> and <W>	11
<M>	<M> and <W> saved	11
<M>	black <M> and <W> remembered	11
<M>	many tired <M> and <W>	11
<M>	all good christian <M> and <W>	11
<M>	<M> and <W> reporting	11
<M>	both <M> and <W> are	11
<M>	masterful <M> and <W> not	11
<M>	<M> and <W> on their way	11
<M>	<M> and <W> on side	11
<M>	<M> and <W> on horseback	11
<M>	<M> and <W> of wanderers	11
<M>	18 <M> and <W>	11
<M>	<M> and <W> of rank	11
<M>	<M> and <W> of portland	11
<M>	<M> and <W> of nation	11
<M>	both american <M> and <W>	11
<M>	smart <M> and <W>	11
<M>	more vain <M> in it than <W>	11
<M>	training <M> and <W>	11
<M>	24 <M> and <W>	11
<M>	traveling <M> and <W>	11
<M>	<M> and <W> made up	11
<M>	<M> and <W> known	11
<W>	<W> and <M> different	11
<M>	<M> and <W> in years	11
<M>	<M> and <W> in whose	11
<W>	weeping <W> and <M>	11
<W>	<W> above <M>	11
<M>	<M> and <W> in way	11
<M>	<M> and <W> in their twenties	11
<W>	japanese <W> and <M>	11
<M>	<M> and <W> in situations	11
<M>	<M> and <W> in sector	11
<M>	30 <M> and <W>	11
<M>	mr. henry james 's <M> and <W>	11
<M>	<M> and <W> in love	11
<W>	<W> on <M> 's work	11
<W>	15 <W> and <M>	11
<M>	<M> and <W> in costumes	11
<M>	all <M> and <W> in church	11
<M>	nineteen other innocent <M> and <W>	11
<M>	<M> and <W> in attitude	11
<M>	<M> and <W> in	11
<M>	no <M> and <W> in it	11
<M>	city <M> and <W>	11
<M>	fourteen old <M> and <W>	11
<M>	screaming <M> and <W>	11
<M>	coloured <M> and <W>	11
<M>	savage <M> and <W>	11
<W>	<W> to <M> as nature	11
<M>	<M> and <W> from all walks	11
<M>	<M> and <W> from saddle	11
<M>	<M> and <W> from	11
<M>	older <M> and <W> with	11
<M>	five <M> and <W> ever	11
<M>	finnish <M> and <W>	11
<W>	enslaved <W> and <M>	11
<M>	<M> and <W> carrying	11
<M>	<M> and <W> between ages	11
<M>	<M> and <W> believed	11
<M>	delightful <M> and <W> feared	11
<M>	real live <M> and <W>	11
<M>	<M> and <W> after their day 's work	11
<M>	work <M> and <W>	11
<M>	white <M> with <W>	11
<M>	unarmed <M> and <W>	11
<M>	dying <M> and <W>	11
<M>	weight <M> and <W>	11
<W>	an old <W> and <M>	11
<W>	analysis comparing <W> and <M>	11
<M>	us <M> and <W>	11
<M>	pagan <M> and <W>	11
<M>	pisces <M> and <W>	11
<M>	pale little <M> and <W>	11
<M>	english <M> and <W> in carriages	11
<M>	vigorous <M> and <W>	11
<M>	elderly dutch <M> and <W>	10
oppression	oppression of <W> by <M>	10
<W>	approximately <W> and <M>	10
<M>	unknown <M> and <W>	10
<M>	ungodly <M> and <W>	10
<M>	uniformed <M> and <W>	10
<M>	each <M> and <W>	10
<M>	<M> <W> and those	10
<M>	<M> <W> and scenes had seen	10
<M>	<M> <W> but relation	10
<M>	dutch <M> and <W>	10
<M>	famous <M> and <W> promenaded	10
<M>	<M> all <W>	10
<M>	fast young <M> and <W> do	10
<M>	<M> to some <W>	10
<W>	african american <W> than <M>	10
<M>	dozen <M> and <W> approaching	10
<M>	<M> and <W> 's	10
<M>	<M> and <W> about us	10
<M>	<M> and <W> about them boys	10
<M>	<M> and <W> are living	10
<M>	<M> and <W> are doing	10
<M>	wounded <M> and <W>	10
<M>	only one <M> and <W>	10
<M>	<M> and <W> burned	10
<M>	remarkable <M> and <W>	10
<M>	young <M> and <W> going	10
<M>	defenceless <M> and <W>	10
<M>	dark <M> and <W>	10
<M>	cunning <M> and <W>	10
<M>	<M> and <W> drawn	10
<W>	fainting <W> and <M>	10
number	greater number of <W> than <M>	10
<M>	<M> and <W> for patterns	10
<M>	<M> and <W> following	10
<M>	foreign <M> and <W>	10
<M>	rustic <M> and <W>	10
<M>	aboriginal <M> and <W>	10
<M>	<M> and <W> from their homes	10
<M>	<M> and <W> from quarter on porch	10
<M>	russian <M> and <W>	10
<W>	five white <W> and <M>	10
<M>	congregated <M> and <W>	10
<W>	<W> than any <M>	10
<M>	500 <M> and <W>	10
<M>	<M> and <W> have met	10
<M>	aged <M> and <W> bearing	10
<M>	no spanish <M> and <W>	10
<M>	5,000 <M> and <W>	10
<M>	four young <M> and <W>	10
<M>	<M> and <W> have worked	10
<M>	<M> and <W> have spent	10
<M>	young adult <M> and <W>	10
<M>	<M> or <W> as dreams	10
<M>	all <M> and <W> whose	10
<M>	all <M> and <W> do	10
<M>	gay young <M> and <W>	10
<M>	your being <M> and <W> living	10
<M>	<M> and <W> in circumstances	10
<M>	<M> and <W> in charge	10
<M>	all <M> and <W> of will	10
<M>	all <M> and <W> of goodwill	10
<M>	all <M> and <W> near us	10
<M>	all <M> and <W> in london	10
<M>	all <M> and <W> had known	10
<M>	neither <M> nor <W> in world	10
<M>	neither <M> nor <W> in jesus	10
<M>	chiefly old <M> <W> and boys	10
<W>	<W> per <M>	10
<M>	natural <M> and <W>	10
<W>	12 <W> and <M>	10
<M>	<M> and <W> in her condition	10
<W>	14 <W> and <M>	10
<M>	two <M> and another <W> declare	10
<M>	two <M> and an <W>	10
<M>	<M> and <W> in their frames	10
<W>	<W> & <M>	10
<W>	jewish <W> and <M>	10
<M>	sincere <M> and <W>	10
<M>	<M> and <W> interested	10
<M>	<M> and <W> in workforce	10
<M>	<M> and <W> leaving	10
<M>	most <M> of <W> have sinned	10
<W>	<W> and <M> separately	10
preferences	<W> 's preferences for <M>	10
<W>	<W> and an <M>	10
<M>	trojan <M> and <W> with their shawls	10
<M>	bred <M> and <W> standing	10
<W>	u.s. <W> and <M>	10
<M>	traditional <M> and <W>	10
<M>	<M> and <W> of court	10
<M>	<M> and <W> of frontier	10
surplus	surplus of <W> over <M>	10
<M>	smart little <M> and <W>	10
<M>	healthy elderly <M> and <W>	10
<M>	three strapping young <M> and <W>	10
<M>	some <M> and <W> to follies	10
<M>	<M> and <W> of india	10
<M>	helpless poor <M> and <W> had never done	10
<M>	<M> and <W> of today	10
<M>	hindu <M> and <W>	10
<M>	mexican <M> and <W>	10
<M>	<M> and <W> on floor	10
<M>	<M> and <W> old	10
<M>	some <M> like <W>	10
<M>	three <M> or <W>	10
<M>	all dancing <M> and <W>	10
<M>	<M> and <W> on frontier	10
<M>	<M> and <W> participated	10
<M>	<M> and <W> over world	10
<W>	terrified <W> and <M>	10
<M>	many older <M> and <W>	10
<M>	many notable <M> and <W>	10
<M>	many godly <M> and <W>	10
<M>	<M> and <W> sleeping	10
<M>	<M> and <W> taken	10
<M>	many black <M> and <W>	10
<M>	<M> and <W> well	10
<M>	<M> and <W> wanted	10
<M>	<M> and <W> with disease	10
<M>	<M> and <W> with <W>	10
<M>	<M> and <W> wielding	10
<W>	sixteen <W> and <M>	10
<M>	<M> and <W> without children	10
<M>	strange <M> or <W>	10
<M>	many <M> and an <W>	10
domination	<M> domination over <W>	10
domination	<M> 's domination of <W>	10
<M>	looking roman <M> and <W>	10
<M>	average english <M> and <W>	10
<M>	an instant <M> and <W>	10
<M>	ancestral <M> and <W>	10
<M>	superannuated old <M> and <W>	10
<M>	latino <M> and <W>	10
<M>	interested <M> and <W>	9
<M>	imprisoned <M> and <W>	9
<M>	illustrious <M> and <W>	9
<M>	its leading <M> and <W>	9
<M>	holy <M> and <W> wrote	9
<M>	kneeling <M> and <W>	9
<M>	10,000 <M> and <W>	9
<M>	larger <M> and <W>	9
work	<M> 's work and <W> 's work	9
<M>	hills <M> and <W>	9
<M>	250,000 <M> and <W>	9
<M>	longer <M> or <W>	9
<M>	28 <M> and <W>	9
<M>	greek <M> and <W>	9
<M>	31 <M> and <W>	9
current	<W> current among <M>	9
<M>	4,000 <M> and <W>	9
<M>	god 's <M> and <W>	9
courage	<M> less courage than <W>	9
<M>	many living <M> and <W>	9
<M>	many old <M> and <W>	9
<M>	<M> <W> and what	9
<M>	migrant <M> and <W>	9
<M>	<M> and <W> are written	9
<M>	<M> and <W> at their tasks	9
<M>	<M> and <W> as beings	9
<M>	monasticism <M> and <W>	9
<M>	<M> and <W> enjoying	9
<M>	<M> and <W> figured	9
<M>	<M> and <W> found	9
<M>	<M> and <W> equal	9
<M>	<M> and <W> grown	9
<M>	<M> and <W> had died	9
<M>	<M> and <W> had never noticed	9
<M>	<M> and <W> in costume	9
<M>	most <M> and some <W>	9
<M>	<M> and <W> in each other 's arms	9
<M>	<M> and <W> in concert	9
<W>	<W> and not for <M>	9
<W>	<W> and not against <M>	9
<M>	<M> and <W> in crescent	9
<M>	<M> and <W> in roles	9
<M>	<M> and <W> in our position	9
<M>	<M> and <W> in posts	9
<M>	<M> and <W> in sphere	9
<M>	<M> and <W> in service	9
<M>	<M> and <W> in their lives	9
<M>	<M> and <W> included	9
<M>	fearing <M> and <W>	9
<M>	<M> and <W> mentioned	9
<M>	<M> and <W> knew not	9
<M>	<M> and <W> its inhabitants	9
<M>	<M> and <W> of couples	9
<M>	<M> and <W> of country	9
<M>	<M> and <W> of scroope	9
<M>	<M> and <W> of place	9
<M>	<M> and <W> of party	9
<M>	most young <M> and <W>	9
<M>	<M> and <W> on stage	9
<M>	every adult <M> and <W>	9
<M>	<M> and <W> sharing	9
<M>	<M> and <W> sacrificed	9
<M>	<M> and <W> run	9
<M>	<M> and <W> speak	9
<M>	<M> and <W> through thy halls	9
<M>	enthusiastic <M> and <W>	9
<M>	<M> and <W> time	9
<M>	england 's best <M> and <W>	9
<M>	<M> and <W> were lounging about	9
hats	<W> 's hats and <M> 's buttonholes	9
<M>	enabling <M> and <W>	9
<W>	<W> and <M> to <M>	9
<W>	<W> and <M> cemented not	9
<M>	egyptian <M> and <W>	9
<M>	no <M> nor <W>	9
<M>	eager young <M> and <W> looking	9
<M>	dressed <M> and <W> called	9
<W>	<M> wrong <W>	9
horror	<M> 's horror of <W>	9
horsemen	it many horsemen <M> and <W>	9
<M>	<M> and fearfully by <W>	9
<M>	courting <M> and an <W>	9
<M>	old <M> and <W> sitting	9
<M>	complete <M> and <W>	9
<M>	competent <M> and <W>	9
<M>	commonly <M> and <W>	9
<M>	clothed <M> and <W>	9
<M>	older <M> and <W> in communities	9
<M>	<M> and two of <W>	9
<M>	bright young <M> and <W>	9
<M>	both elderly <M> and <W>	9
<M>	young <M> or <W> were	9
<M>	both <M> and <W> in way	9
<M>	both <M> & <W>	9
<M>	bodied <M> or <W>	9
<M>	black <M> with <W>	9
<M>	attractive <M> and <W>	9
<W>	<W> upon <M>	9
<M>	australian <M> and <W>	9
attraction	<W> 's attraction to <M>	9
<M>	pale <M> and <W>	9
<M>	passing <M> and <W>	9
<M>	any <M> with <W>	9
<M>	angry <M> and <W>	9
<M>	pleasure <M> and <W>	9
<M>	young <M> and <W> not long	9
<M>	young <M> and <W> joined	9
<M>	young <M> and <W> were	9
<M>	all toiling <M> <W> and children	9
<M>	all singing <M> and <W>	9
<M>	young <M> and <W> had	9
<M>	professional life <M> and <W>	9
<M>	young <M> and <W> taught	9
<M>	young <M> and <W> setting out	9
mates	<M> mates with <W>	9
<M>	all obstinate old <M> and <W> in parish	9
<M>	protestantism <M> and <W>	9
<M>	all intelligent <M> and <W>	9
<M>	refined <M> and <W>	9
<M>	respectable <M> and <W> often	9
<M>	working class <M> and <W>	9
mother	<W> mother their <M> because are	9
<M>	royal <M> and <W>	9
<M>	salvation <M> and <W> want	9
<M>	all <M> and <W> in case	9
<M>	all <M> and <W> in boston	9
<M>	above <M> and <W>	9
<M>	academic <M> and <W>	9
<M>	<W> vis <M>	9
<W>	young <W> as well as <M>	9
<M>	simply <M> and <W>	9
<W>	all good <W> and <M> have	9
<W>	visible two <W> and <M>	9
<M>	whirling <M> and <W>	9
<M>	what living <M> and <W>	9
oppression	<M> 's oppression of <W>	9
<M>	welldressed <M> and <W>	9
<M>	slave <M> and <W>	9
<W>	times <W> than <M>	9
<M>	<M> from their <W>	9
<M>	southern white <M> for <W>	9
<M>	southern white <M> and <W>	9
percentage	higher percentage of <W> than <M>	9
<W>	several young <W> and <M>	9
<W>	canadian <W> and <M>	9
<W>	contemporary <W> and <M>	9
<W>	other <W> or <M>	9
<M>	ten old <M> and <W>	9
<M>	<M> in <W> 's clothes	9
proportion	larger proportion of <W> than <M>	9
<M>	today 's young <M> and <W>	9
<M>	today 's <M> and <W>	9
<M>	treating <M> and <W>	9
relationships	<W> 's relationships with <M>	9
<W>	lay <W> and <M>	9
relatives	<M> 's <W> relatives	9
reply	immemorial <M> reply to <W>	9
<M>	two <M> and <W> were watching	9
<W>	german <W> and <M>	9
<M>	<M> into <W>	9
<W>	half <M> <W>	8
domination	<M> 's domination over <W>	8
<W>	haired <W> and <M>	8
<W>	gowned <W> and <M>	8
<W>	her sister <W> and her <M> would never reach	8
<M>	ii all drinking <M> and <W>	8
<M>	humane <M> and <W>	8
<M>	horned <M> and <W>	8
<W>	<W> in <M> 's clothing	8
<W>	<W> in <M>	8
<M>	twenty young <M> and <W>	8
<M>	his splendid <M> and his <W>	8
<M>	knowing <M> and <W> excited	8
<W>	lesbi <W> and <M>	8
relationship	<W> 's relationship to <M>	8
<M>	16 <M> and <W>	8
<M>	here <M> and <W>	8
<M>	helpless <M> and <W>	8
<M>	hawaiian <M> and <W>	8
<M>	25 <M> and <W>	8
<M>	handsome <M> and <W> in dress	8
<M>	haired old <M> and <W>	8
<M>	300 <M> and <W>	8
<W>	executive <W> and <M>	8
<M>	many <M> and <W> executed	8
<M>	many <M> as well as <W>	8
<M>	60 <M> and <W>	8
<M>	750,000 <M> and <W>	8
<M>	many brilliant <M> and <W>	8
<M>	80 <M> and <W>	8
<M>	genuine <M> and <W>	8
<M>	gentle <M> and <W>	8
<M>	many eminent <M> and <W>	8
<M>	many educated <M> and <W>	8
counterparts	proper <W> counterparts of <M>	8
<M>	funny old <M> and <W>	8
<M>	many learned <M> and <W>	8
<M>	many leading <M> and <W>	8
<M>	<M> <W> as well as children	8
<M>	<M> <W> or experts	8
<W>	only <W> children and <M>	8
<W>	one <W> with <M>	8
footsteps	<M> 's footsteps and <W> 's voices in room	8
<M>	many young <M> and <W> toward acceptance	8
<M>	<M> and <W> 's lives	8
<M>	two singing <M> and <W>	8
<M>	<M> and <W> appeared	8
<M>	<M> and <W> affected	8
<M>	<M> and <W> 's work	8
violence	<M> violence towards <W>	8
violence	<M> sexual violence against <W>	8
<M>	<M> and <W> attending	8
violence	<M> 's violence to <W>	8
<M>	<M> and <W> around me	8
<M>	sympathetic <M> and <W>	8
<M>	<M> and <W> becoming	8
<M>	<M> and <W> at table	8
<M>	<M> and <W> combined	8
<M>	filipino <M> and <W>	8
<M>	<M> and <W> compose	8
<M>	<M> and <W> drawing	8
<M>	<M> and <W> dedicated	8
<M>	<M> and <W> consulted	8
<M>	<M> and <W> enjoy inherited	8
<M>	<M> and <W> differently	8
<M>	<M> and <W> devoted	8
<M>	more <M> or <W>	8
<M>	<M> and <W> exercising	8
<M>	<M> and <W> from experience	8
<M>	<M> and <W> go	8
<M>	<M> and <W> from years	8
<M>	<M> and <W> has known	8
<M>	<M> and <W> have never labored	8
<M>	<M> and <W> have learned	8
<M>	<M> and <W> in bar	8
<M>	<M> and <W> in each category	8
<M>	<M> and <W> in garments	8
<M>	<M> and <W> in future	8
<M>	<M> and <W> in forces	8
<M>	<M> and <W> in factory	8
<M>	<M> and <W> in marriage	8
<M>	<M> and <W> in households	8
<M>	<M> and <W> in day	8
<M>	<M> and <W> in courts	8
<M>	<M> and <W> in half	8
<M>	<M> and <W> in public	8
<M>	<M> and <W> in year	8
<M>	<M> and <W> in work	8
<M>	<M> or ovaries in <W>	8
<M>	<M> and <W> may be said	8
<M>	<M> and <W> laughing	8
<M>	such <M> and <W> to it	8
<M>	<M> and <W> of caravan	8
<M>	<M> and <W> of night	8
<M>	<M> and <W> of town	8
<M>	stronger <M> and <W>	8
<M>	<M> and <W> on line	8
<M>	everyday <M> and <W>	8
<M>	struggling <M> and <W>	8
<M>	<M> and <W> pass	8
<M>	<M> and <W> over years	8
<M>	<M> and <W> on	8
<M>	<M> and <W> of village eat	8
<M>	every <M> or <W>	8
<M>	<M> and <W> reads about	8
<M>	<M> and <W> present	8
<M>	untrained <M> and <W>	8
<M>	<M> and <W> organized	8
<M>	<M> and <W> on wharves	8
<M>	<M> and <W> rendered	8
<M>	stress <M> and <W>	8
<M>	<M> and <W> showing	8
<M>	<M> and <W> separated	8
<M>	<M> and <W> seek	8
<M>	<M> and <W> stampeding	8
<M>	europe <M> and <W>	8
<M>	<M> and <W> suffering	8
<M>	enough <M> and <W> to do	8
<M>	<M> and <W> toil	8
<W>	<W> and cancer in <M>	8
<M>	<M> to <W> in room	8
<W>	<M> <W> of future	8
<W>	<M> ' <W>	8
<M>	distinguished <M> and <W> in london	8
<M>	nondiabetic european <M> and <W>	8
<M>	waiting <M> and <W>	8
<W>	9 <W> and <M>	8
<M>	delicately habited <M> and <W>	8
<M>	depraved <M> and <W>	8
<M>	decent <M> to <W> knew	8
ideal	<W> ideal of <M>	8
<M>	numerous <M> and <W> is	8
<M>	oh young <M> and <W>	8
<W>	16 <W> and <M>	8
<M>	<M> and others for <W>	8
<W>	two coloured <W> and <M>	8
<M>	weary <M> and <W> looking	8
<M>	weeping <M> and <W>	8
<M>	sixty <M> and <W>	8
oppression	<M> oppression of <W>	8
<M>	single <M> or <W>	8
<W>	all good <W> and <M>	8
<M>	caribbean <M> and <W>	8
<M>	white <M> and <W> on streets	8
<M>	capricorn <M> and <W>	8
<M>	shy <M> with <W>	8
<M>	shakespeare 's <M> and <W>	8
<M>	ordinary <M> and <W> driven	8
<M>	british <M> and <W> waiting	8
<M>	brilliant <M> and <W> met	8
<W>	young <W> than <M>	8
spies	<W> spies as well as <M>	8
<M>	seventy <M> and <W>	8
<M>	other <W> <M>	8
<M>	<W> gay <M>	8
<M>	<W> 's <M>	8
<M>	both <M> and <W> waited	8
<M>	both <M> and <W> of classes	8
<M>	both <M> and <W> in society	8
<M>	boston <M> and <W>	8
<M>	about <M> and <W> in meeting	8
<M>	black <M> and <W> in philadelphia	8
<M>	all <M> <W> and children	8
<M>	saving <M> and <W>	8
<M>	saul <M> and <W>	8
<M>	our ablest young <M> and <W>	8
<W>	african <W> and <M>	8
<M>	best <M> and <W> through ages	8
<M>	sabring <M> and <W>	8
<M>	backed <M> and <W>	8
<M>	our working <M> and <W>	8
<M>	aries <M> and <W>	8
<M>	aristocratic <M> and <W>	8
<M>	peaceful <M> and <W>	8
<M>	any such <M> and <W>	8
<M>	<M> batter <W>	8
<M>	plebeian <M> and <W>	8
<M>	world 's greatest <M> and <W>	8
<M>	world 's great <M> and <W>	8
<M>	an adult <M> and <W>	8
superiority	general superiority of <W> over <M>	8
<M>	all <M> or <W>	8
<M>	young <M> and <W> with disabilities	8
<M>	young <M> and <W> saw	8
<M>	real living <M> and <W>	8
<M>	all bodied <M> and <W>	8
<M>	young <M> and <W> entering	8
<M>	young <M> and <W> between ages	8
<M>	young <M> and <W> in days	8
<M>	all old <M> and <W>	8
<M>	all married <W> 's <M>	8
<M>	all his <M> and <W>	8
subjection	<W> 's subjection to <M>	8
<M>	all honest <M> and <W>	8
subjection	subjection of <W> to <M>	7
<M>	all its <M> and <W>	7
<M>	pruning <M> and <W>	7
<M>	all other <M> and <W> knew	7
<M>	privilege <M> and <W>	7
<M>	young <M> and <W> alike	7
<M>	all thinking <M> and <W>	7
<M>	young <M> and <W> returning	7
<M>	young <M> and <W> liked	7
<M>	all your <M> and <W>	7
<M>	remaining <M> and <W>	7
<M>	worldly <M> and <W>	7
<M>	platform <M> and <W>	7
<M>	another <M> and <W>	7
<M>	any <M> and <W>	7
<M>	anxious <M> and <W>	7
<M>	any cowfoldian <M> or <W>	7
<M>	<M> aud <W>	7
<M>	passionate <M> and <W>	7
attitudes	<M> attitudes toward <W>	7
<M>	pale <W> <M> from flat	7
<M>	as many <M> and <W>	7
<M>	roughly <M> and <W>	7
<M>	bedawin <M> and <W>	7
<M>	all <M> <W> and child	7
talks	neither talks to <M> nor <W>	7
<M>	bewhiskered <M> and <W>	7
<M>	big <M> and <W> in country	7
<M>	big <M> and <W>	7
<M>	afterglow two <M> and <W>	7
<M>	biggest <M> and <W> with ideas	7
<M>	sedentary <M> and <W>	7
<M>	sensitive <M> and <W>	7
<M>	serious <M> and <W> writing	7
abuse	<M> abuse of <W>	7
<M>	both <M> and <W> in areas	7
<W>	<W> then <M>	7
<M>	both working <M> and <W>	7
jealousy	<M> jealousy of <W>	7
<W>	young <M> versus young <W>	7
<W>	whole people <W> as well as <M>	7
<M>	only three <M> and <W>	7
<M>	young laboring <M> and <W> ambition	7
<M>	<M> with his <W>	7
<M>	white <M> <W> and <M>	7
<M>	<M> and their <W>	7
<M>	your fellow <M> and <W>	7
<M>	childless <M> and <W>	7
<M>	your poor old <M> and <W>	7
<M>	zealous <M> and <W>	7
<M>	oldest <M> and <W>	7
<M>	cleverest <M> and <W> in york	7
<M>	older <M> and <W> among pilgrims	7
<M>	smallest <M> and <W>	7
<M>	<M> and other for <W>	7
<M>	old <M> or <W>	7
<M>	conscious <M> and <W>	7
<W>	two <W> for every <M>	7
<M>	countless great <M> and <W>	7
<M>	countless young <M> and <W>	7
<W>	29 <W> and <M>	7
<M>	numerous other <M> and <W>	7
huts	all huts <M> and <W>	7
<M>	way <M> and <W>	7
<M>	not five <M> and <W> in parts	7
<M>	<M> and half <W>	7
<M>	<M> and fury among <W>	7
<W>	they <W> and <M>	7
<M>	nondiabetic <M> and <W>	7
<W>	ten <W> to every <M>	7
<M>	some black <M> and <W>	7
<M>	violent <M> and <W>	7
<W>	<W> <W> and <M>	7
<W>	<W> <M> and how	7
<M>	dressed <M> and <W> leaning	7
hippocampus	<M> hippocampus in <W>	7
<W>	straight <W> and <M>	7
<M>	eighteen grown <M> and <W> met rode	7
<M>	newspaper <M> and <W>	7
<M>	new <M> from <W>	7
<M>	eleven young <M> and <W>	7
<M>	<M> and <W> would take	7
<M>	very <M> and <W> had mocked	7
<M>	<M> and <W> were making	7
<M>	<M> and <W> with regard	7
<M>	<M> and <W> with levels	7
<M>	nearly young <M> and <W>	7
type	<M> type of <W>	7
<M>	<M> and <W> with capacity	7
<W>	<W> and children from <M>	7
<M>	<M> and <W> with disorders	7
<M>	native american <M> and <W>	7
<M>	<M> and <W> today	7
<M>	<M> and <W> tried	7
<M>	<M> and <W> tramp	7
<M>	<M> and <W> throughout world	7
<M>	<M> and <W> thronged	7
<W>	six <W> to <M>	7
<M>	<M> and <W> shaped	7
<M>	<M> and <W> set	7
<W>	shameless <W> and <M>	7
<M>	<M> and <W> played	7
<M>	<M> and <W> professing	7
<M>	<M> and <W> practice	7
<M>	<M> and <W> on both sides	7
<M>	<M> and <W> of years	7
<M>	<M> and <W> people	7
<W>	both white <W> and <M>	7
<M>	<M> and <W> on street	7
<M>	<M> and <W> on issues	7
<M>	most working <M> and <W>	7
<M>	unskilled <M> and <W>	7
<M>	<M> and <W> of society	7
<M>	exceptional <M> and <W> from conditions	7
<M>	<M> and <W> of our times	7
<M>	<M> and <W> of his day	7
<M>	<M> and <W> of generations will come	7
<M>	<M> and <W> of class	7
<M>	such <M> and <W> in germany	7
<M>	fair <M> and <W>	7
<M>	<M> and <W> moved	7
<M>	<M> and <W> more	7
<W>	religious <W> and <M>	7
<M>	<M> and <W> lying	7
<M>	few <M> and no <W>	7
<M>	<M> and <W> in suits	7
<M>	<M> and <W> in state	7
<M>	<M> and <W> in west	7
<M>	most <M> of <W>	7
<M>	<M> and <W> in population	7
<M>	<M> and <W> in respect	7
<M>	<M> and <W> in matters	7
<M>	<M> and <W> in group	7
<M>	<M> and <W> in families	7
<M>	<M> and <W> in communities	7
<M>	<M> and <W> in committees	7
<M>	<M> and <W> in china	7
<M>	<M> and <W> in britain	7
<M>	<M> and <W> in context	7
<M>	<M> and <W> helped	7
<M>	more young <M> than <W>	7
<M>	<M> and <W> have tried	7
<M>	<M> and <W> had met	7
<M>	few grown <M> and <W>	7
<M>	<M> and <W> for beings	7
<M>	few young <M> and <W>	7
<M>	<M> and <W> felt	7
<M>	typical <M> and <W>	7
<W>	poor rural <W> and <M>	7
competition	<M> competition for <W>	7
<M>	<M> and <W> eager	7
<M>	<M> and <W> due	7
<M>	<M> and <W> enough	7
<M>	<M> and <W> endowed	7
<M>	<M> and <W> described	7
<M>	<M> and <W> constitute	7
<M>	<M> and <W> calling	7
<M>	<M> and <W> convicted	7
<M>	<M> and <W> can call	7
<W>	over <W> and <M>	7
<M>	<M> and <W> believe	7
<M>	miniature <M> and <W>	7
<M>	<M> and <W> attended	7
<M>	<M> and <W> at their occupations	7
<M>	<M> and <W> around them	7
<M>	fit <M> and <W>	7
<M>	five <M> and <W> among us do not know	7
<M>	tartar <M> and <W>	7
<M>	<M> and <W> acting	7
<M>	<M> and <W> are making	7
<M>	<M> and <W> are looking	7
<M>	<M> and <W> appear	7
<M>	<M> and <W> along roads	7
<M>	<M> and <W> 's brains	7
<M>	meaning <M> and <W>	7
<M>	foremost <M> and <W>	7
<W>	other <M> 's <W>	7
<M>	two poor <M> and <W>	7
<M>	many wise <M> and <W>	7
<W>	older lesbian <W> and <M>	7
<M>	many prominent <M> and <W>	7
<M>	their living <M> and <W>	7
<M>	<M> in <W> 's heart	7
<M>	<M> <W> and children at bottom	7
<M>	<M> <W> cents and cents	7
<M>	<M> <W> and to	7
<M>	<M> <W> and their relationships	7
<M>	<M> <W> and people	7
<W>	old <W> for <M>	7
<W>	obese <W> and <M>	7
<W>	<W> as well as <M> to go	7
<M>	freedom <M> and <W>	7
<M>	there <M> and <W>	7
<M>	frowsy <M> <W> and raucous	7
<M>	frightful <M> and <W>	7
<M>	many holy <M> and <W>	7
<M>	many forgotten <M> and <W> to have given	7
<M>	many gay <M> and <W>	7
<M>	many english <M> and <W>	7
<W>	<W> babes and <M>	7
<M>	700 <M> and <W>	7
<M>	many american <M> and <W>	7
<M>	many african american <M> and <W>	7
<M>	59 <M> and <W>	7
<W>	employed <W> and <M>	7
<W>	eleven <W> and <M>	7
<M>	50,000 <M> and <W>	7
<M>	great <M> and <W> of past	7
<M>	three <M> for every <W>	7
<M>	468 <M> and <W>	7
<M>	many <M> and <W> halt	7
eyes	<M> 's eyes and <W> 's souls	7
<M>	lustful <M> and <W>	7
<M>	long <M> and <W>	7
<M>	25,000 <M> and <W>	7
<M>	little free <M> and <W>	7
<M>	22 <M> and <W>	7
<M>	21 <M> and <W>	7
<M>	lilliputian <M> and <W> on bank	7
<M>	her young <M> and <W>	7
<M>	2,000 <M> and <W>	7
<M>	him <M> and <W>	7
<M>	lesser <M> and <W>	7
<W>	fifteen <W> and <M>	7
<W>	licentious human <W> and another for <M>	7
<M>	120 <M> and <W>	7
<M>	his control one <M> and <W>	7
difference	<W> 's difference from <M>	7
<M>	his frequenting <M> and <W>	7
<M>	two <M> and <W> have been exhibited	7
<M>	ideal <M> and <W>	7
<M>	ignorant <M> and <W> only	7
<M>	italian <M> and <W>	7
<M>	iranian <M> and <W>	7
<W>	healthy aged <W> and <M>	7
<M>	indian <M> and <W> had gathered	7
<M>	individual <M> or <W>	7
<M>	1,000 successful <M> and <W>	6
<M>	1,000 <M> and <W>	6
<M>	100,000 <M> and <W>	6
<M>	ilian <M> for such <W> 's sake	6
<W>	<W> from <M> 's tactics	6
<M>	13,464 <M> and <W>	6
<M>	japanese <M> and <W> consuming	6
<M>	just such <M> and <W> as we	6
<M>	32 <M> and <W>	6
<M>	350 <M> and <W>	6
<M>	35 <M> and <W>	6
<M>	44 <M> and <W>	6
<M>	48 <M> and <W>	6
<M>	key <M> and <W>	6
<M>	kind <M> and <W>	6
<M>	6,000 <M> and <W>	6
<W>	<W> but <M>	6
<M>	laboring <M> and <W> would deprive	6
<M>	his old <M> and <W>	6
<W>	<W> before <M>	6
<M>	<M> <W> and lives	6
<M>	<M> <W> and	6
<M>	<M> <W> blacks and whites	6
<M>	<M> <W> as well as between	6
<M>	<M> <W> and provisions	6
<M>	<M> among <W>	6
equality	<W> 's intellectual equality with <M>	6
<M>	<M> and <W> 's faces	6
<M>	<M> and <W> 's bodies	6
<M>	<M> and <W> accused	6
<M>	<M> and <W> are made	6
<M>	<M> and <W> are going	6
<M>	<M> and <W> are employed	6
<M>	<M> and <W> alike of time	6
<M>	<M> and <W> around you	6
<M>	<M> and <W> at time	6
<M>	<M> and <W> at home	6
<M>	<M> and <W> at ages	6
<M>	<M> and <W> bought	6
<M>	<M> and <W> between pair	6
<M>	<M> and <W> bent	6
<M>	<M> and <W> began	6
<M>	<M> and <W> before him	6
<M>	<M> and <W> claim	6
<M>	<M> and <W> by means	6
views	<M> 's views of <W>	6
<M>	<M> and <W> composed	6
<M>	<M> and <W> did	6
<M>	<M> and <W> earned	6
<M>	<M> and <W> dwelt	6
<M>	<M> and <W> drew	6
<M>	<M> and <W> faced	6
<M>	<M> and <W> established	6
<M>	<M> and <W> entering	6
<M>	<M> and <W> from <M>	6
<M>	<M> and <W> frequent	6
<M>	<M> and <W> fitter	6
<M>	<M> and <W> from their families	6
<M>	<M> and <W> from population	6
dependence	economic dependence of <W> on <M>	6
<M>	<M> and <W> from families	6
<M>	<M> and <W> gifted	6
<M>	<M> and <W> gathering	6
<M>	<M> and <W> from variety	6
<M>	<M> and <W> had created	6
<M>	<M> and <W> have lost	6
<M>	<M> and <W> have experienced	6
<M>	<M> and <W> have come	6
<M>	<M> and <W> having	6
<M>	<M> and <W> have redeemed will	6
<M>	<M> and <W> in bars	6
<M>	<M> and <W> in attire	6
<M>	<M> and <W> in areas	6
<M>	<M> and <W> in all countries	6
<M>	<M> and <W> in all classes	6
<M>	<M> and <W> in all ages	6
<M>	<M> and <W> in degradation	6
<M>	<M> and <W> in days	6
<M>	<M> and <W> in home	6
<M>	<M> and <W> in extremities	6
<M>	<M> and <W> in pages	6
<M>	<M> and <W> in lines	6
<M>	<M> and <W> in kingdom	6
<M>	<M> and <W> in hundreds	6
<M>	<M> and <W> in prime	6
<M>	<M> and <W> in politics	6
<M>	<M> and <W> in past	6
<M>	<M> and <W> in task	6
<M>	<M> and <W> in systems	6
<M>	<M> and <W> in walks	6
<M>	<M> and <W> in uk	6
<M>	<M> and <W> in their homes	6
<M>	<M> and <W> into wheelbarrows	6
<M>	<M> and <W> interacting	6
<M>	<M> and <W> in white	6
<M>	hebrew <M> and <W>	6
<M>	<M> and <W> learnt	6
<M>	<M> and <W> joining	6
<M>	<M> and <W> meets	6
<M>	<M> and <W> may be contained	6
<M>	<M> and <W> marching	6
<M>	<M> and <W> noted	6
<M>	healthy young <M> and <W>	6
<M>	<M> and <W> not living	6
<M>	<M> and <W> of culture	6
<M>	<M> and <W> of character	6
<M>	healthy aged <M> and <W>	6
<M>	healthy <M> and <W> old	6
<M>	<M> and <W> of generations	6
<M>	<M> and <W> of europe	6
<M>	<M> and <W> of epoch	6
<M>	<M> and <W> of neighborhood	6
<M>	<M> and <W> of threescore	6
<W>	<W> and dollars for <M>	6
<M>	<M> and <W> on footways	6
<M>	<M> and <W> on tramp	6
<M>	<M> and <W> on landing	6
<M>	<M> and <W> on globe	6
<M>	<M> and <W> outside church	6
<M>	<M> and <W> related	6
<M>	<M> and <W> put	6
<M>	<M> and <W> playing	6
<M>	<M> and <W> see	6
<M>	<M> and <W> selling	6
<M>	<M> and <W> seen	6
<M>	<M> and <W> surrounded	6
<M>	<M> and <W> strove	6
<M>	<M> and <W> sought	6
<M>	<M> and <W> sipping	6
<M>	living <M> and <W> upon earth	6
<M>	<M> and <W> varying	6
<M>	<M> and <W> upon their world	6
<M>	<M> and <W> unceasingly	6
<M>	<M> and <W> want	6
<M>	<M> and <W> worth	6
<M>	<M> and <W> won	6
<M>	<M> and <W> without principles	6
<W>	<W> and <M> 's participation	6
<M>	looking <M> with <W>	6
<W>	<W> and <M> worked	6
<W>	<W> and <M> respectively	6
<M>	loving <M> and <W> have	6
<W>	<W> <M> and authorities	6
<M>	grown <M> and <W> whose	6
<M>	<M> and estrogen in <W>	6
<M>	many <M> and <W> were	6
<M>	many <M> and <W> subscribed	6
<M>	many <M> and <W> in world	6
<W>	25 <W> and <M>	6
<M>	<M> and inches in <W>	6
<M>	<M> and masculinity in <W>	6
<M>	great living <M> and <W>	6
<W>	112 <W> and <M>	6
<M>	<M> and others with <W>	6
<M>	your friend <M> or <W>	6
fear	<M> 's fear of <W>	6
fear	intuitive <W> fear of <M>	6
<M>	good <M> and <W> in world	6
<M>	godlike <M> and <W> related	6
<M>	many concerned grave <M> and <W>	6
<M>	many earnest <M> and <W>	6
<M>	gay <M> or <W>	6
<M>	many great <M> and <W> can be named	6
<M>	many indian <M> and <W>	6
<M>	friendly <M> and <W>	6
<M>	many known public <M> and <W>	6
<M>	many married <M> and <W> do not know	6
<M>	many patriotic <M> and <W>	6
<M>	<M> before <W>	6
<M>	many religious <M> and <W>	6
control	<M> control of <W>	6
superiority	<W> 's superiority to <M>	6
<M>	young <M> and <W> whose	6
<M>	young <M> and <W> walking	6
<M>	young <M> and <W> possessing	6
<M>	young <M> and <W> living	6
<M>	young <M> and <W> have	6
<M>	young <M> and <W> dressed	6
<M>	young <M> and <W> are	6
<M>	you christian <M> and <W>	6
<M>	foremost <M> and <W> of day	6
<M>	mediocre <M> and <W>	6
<M>	working <M> or <W>	6
<M>	working <M> and <W> returning	6
<M>	wiser <M> and <W>	6
<W>	aboriginal <W> and <M>	6
<M>	first year <M> and <W>	6
status	status of <W> by <M>	6
<M>	willed <M> and <W>	6
<W>	all <M> <W>	6
<M>	fijian <M> and <W>	6
<M>	fighting <M> and <W>	6
<W>	all <W> of place but not with <M>	6
<M>	few living <M> and <W>	6
<M>	which <M> and <W>	6
<M>	most <M> and every <W>	6
<M>	ways <M> and <W>	6
<M>	voiced returned <M> and <W>	6
<W>	bad <W> as well as <M>	6
<M>	feeble old <M> and <W>	6
cognition	cognition in <W> but not <M>	6
<M>	far <M> and <W>	6
<M>	fashionable young <M> and <W> from provinces	6
<M>	fascinating <M> and <W>	6
<M>	farming 570,599 <M> and <W>	6
<M>	very <M> and <W>	6
<W>	black <W> as well as <M>	6
<W>	black <W> than <M>	6
<M>	urban <M> and <W>	6
<W>	both asian american <W> and <M>	6
<M>	excellent <M> and <W>	6
<M>	mr browning 's <M> and <W>	6
<W>	chaste <W> than <M>	6
<W>	clad <W> and <M>	6
<M>	even old <M> and <W>	6
sex	<W> sex into <M>	6
<M>	two score clothed <M> and <W> had been aroused	6
<W>	dead <W> children and not <M>	6
<W>	disabled <W> and <M>	6
<M>	two old <M> and <W>	6
<M>	two norwegian <M> and <W>	6
<M>	two listening <M> and <W>	6
<M>	two drunken <M> and <W>	6
<M>	nevermarried <M> and <W> living	6
<M>	either older <M> or <W>	6
<M>	either all <M> or all <W>	6
<M>	no <M> and <W> here	6
<M>	earning <M> and <W>	6
<M>	early <M> and <W>	6
<M>	dying <M> and <W> in houses	6
<M>	dwelling older <M> and <W>	6
rules	<M> rules over <W>	6
<W>	fluffy <W> and <M>	6
<W>	fourteen <W> and <M>	6
<M>	do little <M> and <W>	6
<W>	great <W> and <M>	6
<W>	grown <W> and <M>	6
<M>	disabled <M> and <W>	6
<M>	diabetic <M> and <W>	6
<W>	helpless <W> and <M>	6
<M>	not few suffering <M> and <W>	6
<M>	degenerate <M> and <W> strained	6
<W>	homosexual <W> and <M>	6
<M>	cruel <M> and <W>	6
<M>	obscure <M> and <W>	6
<W>	income <W> and <M>	6
<M>	odious <M> and <W>	6
<M>	courtesy <M> and <W>	6
<M>	old <M> and <W> pass	6
<M>	old <M> and <W> know	6
<M>	countless other <M> and <W>	6
<W>	little <W> and <M>	6
<W>	lone <W> and <M>	6
<M>	troubled <M> and <W>	6
<M>	trojan <M> and <W>	6
<M>	trained <M> and <W> in numbers	6
<M>	cohabiting <M> and <W>	6
relation	relation of <W> to <M>	6
<M>	tipsy <M> and <W>	6
<M>	older <M> and <W> with disease	6
<M>	cleverest <M> and <W>	6
<M>	one 's fellow <M> and <W>	6
<M>	class white <M> and <W>	6
inferiority	<W> 's inferiority to <M>	6
inferiority	presumed inferiority of <W> to <M>	6
<M>	chiefly young <M> and <W>	6
<W>	many young <W> and <M>	6
<M>	certain old <M> and <W> called	6
<M>	certain <M> and <W> had	6
<W>	minority <W> and <M>	6
<W>	more <W> in world than <M>	6
<W>	most <W> and some <M>	6
<W>	more pleased old <W> than <M>	6
<M>	only privileged white <M> but <W>	6
<M>	only trained <M> and <W>	6
<M>	<M> of family than <W>	6
<M>	ordinary <M> and <W> bent	6
<M>	burning <M> and <W>	6
<W>	naked <W> and <M>	6
<M>	brown <M> and <W>	6
<M>	browed <M> and <W>	6
<W>	nineteen young <W> and <M>	6
<W>	noble <W> and <M>	6
<M>	thinking <M> and <W> everywhere	6
<M>	them good <M> and <W>	6
<M>	bourgeois <M> and <W>	6
<W>	one <W> to <M>	6
<W>	one <W> for every <M>	6
<M>	both heterosexual <M> and <W>	6
principle	<M> principle and <W>	6
<M>	both adult <M> and <W>	6
<W>	only <W> for every <M>	6
<W>	only <W> of <M>	6
<M>	both <M> and <W> were	6
<M>	both <M> and <W> of class	6
<M>	both <M> and <W> live	6
<M>	both <M> and <W> in japan	6
<M>	both <M> and <W> in households	6
<M>	both <M> and <W> had	6
<M>	both <M> <W> and children	6
<M>	other noble <M> and <W>	6
<M>	black <M> and <W> had seen	6
<M>	our <M> and <W> on lines	6
<M>	our <M> and our <W>	6
<M>	better <M> and <W> in our districts	6
<M>	such <M> or <W>	6
basketball	<M> 's versus <W> 's university basketball	6
<M>	best <M> and <W> have known	6
<W>	problems touch <W> as well as <M>	6
<W>	pure <W> and <M>	6
<M>	<M> or <W> as heaven	6
<M>	successful <M> and <W> lived	6
<M>	stubborn <M> and <W> in world	6
<M>	our wealthy <M> and <W>	6
authority	<M> authority over <W>	6
<M>	strongest <M> and <W>	6
<W>	several hundred <W> and <M>	6
<M>	assembled <M> and <W>	6
<M>	over young <M> and <W>	6
<M>	as <M> as <W>	6
<M>	stately <M> and <W>	6
<M>	starved <M> and <W>	6
<W>	some <W> and some <M>	6
<W>	some <W> and puppyism of some <M>	6
<M>	specific <M> and <W>	6
<M>	<M> shy and <W>	6
<M>	special <M> and <W>	6
<M>	speaking <M> and <W>	6
<M>	patriotic <M> and <W>	6
<M>	philanthropic <M> and <W>	6
<M>	picked <M> and <W>	6
<M>	some poor <M> and <W>	6
<M>	pinched <M> and <W>	6
<M>	some old <M> and some <W>	6
<M>	plain business <M> and <W>	6
<M>	some english <M> and <W>	6
<M>	poor young <M> and <W>	6
partners	<W> partners for <M>	6
<M>	america 's <M> and <W>	6
<W>	their <W> and <M>	6
<W>	thirty <W> and <M>	6
<M>	all young <M> and <W> died	6
<W>	time <W> and <M>	6
<M>	soberfaced <M> and <W>	6
<M>	all other <M> and <W> know have	6
<M>	all irish <M> and <W>	6
<M>	ragged <M> and <W>	6
<M>	all english <M> and <W>	6
<M>	rate <M> and <W>	6
<M>	all civilised <M> and <W>	6
<W>	whether <M> <W>	6
<M>	reality <M> and <W>	6
<M>	shakspere 's <M> and <W>	6
<M>	several old <M> and <W>	6
<M>	repentant <M> and <W>	6
<M>	respecting <M> and <W>	6
<M>	seven young <M> and <W>	6
advocate	domestic <W> 's ardent advocate among <M>	6
abuse	abuse of <W> by <M>	6
<M>	serving <M> and <W>	6
<M>	separating <M> and <W>	6
<M>	achieving <M> and <W>	6
<M>	advanced <M> and <W>	6
<M>	scurrying <M> and <W> raced	6
<M>	affluent <M> and <W>	6
<M>	robust labouring <M> with <W>	6
<M>	ages <M> and <W>	6
act	<M> act and <W>	6
<M>	all <M> <W> children and burned	6
<M>	all <M> and <W> are driven on	6
<M>	all <M> and <W> accomplish	6
<M>	all <M> and <W> forward with me into unknown	6
<M>	sacrificing <M> and <W>	6
<M>	all <M> and not <W>	5
<M>	same young <M> and <W>	5
<M>	all <M> and <W> worked	5
<M>	saudi <M> and <W>	5
<M>	all <M> and <W> were	5
<M>	all <M> and <W> players	5
<M>	all <M> and <W> over age	5
<M>	all <M> and <W> in matter	5
<M>	round us <M> and <W>	5
<M>	all <M> and <W> died	5
<M>	all <M> and <W> came	5
<M>	all <M> and <W> are ]	5
<M>	all <M> and <W> alike	5
<M>	all <M> <W> children and cattle sheltered	5
<M>	room <M> and <W>	5
admission	admission of <W> to colleges with <M>	5
<M>	robed <M> and <W>	5
<M>	roman <M> and <W>	5
<M>	aged colored <M> and <W> are remaining	5
<M>	african american <M> and <W> have internalized	5
<M>	afghan <M> and <W>	5
<M>	seeing <M> and <W> advanced	5
<M>	active african american <M> and <W>	5
<M>	selfish <M> and <W>	5
<M>	separate <M> and <W>	5
<M>	about <M> to <W>	5
abuse	<M> 's abuse of <W>	5
<M>	about <M> and <W> working	5
<M>	all <M> in uniform and <W> in white	5
<M>	] <M> and <W>	5
<M>	<W> vs. <M>	5
<M>	reputable <M> and <W>	5
<W>	young <W> to <M>	5
<M>	regular stereotyped london <M> and <W>	5
<M>	several horrid old <M> and <W>	5
<M>	several other <M> and <W>	5
<W>	womanly <W> and <M>	5
<W>	wise <W> and <M>	5
<M>	real original <M> and <W>	5
<W>	white <W> or <M>	5
<M>	all best <M> and <W>	5
<M>	all brave <M> and <W>	5
<W>	western <W> and <M>	5
<M>	single young <M> and <W>	5
answers	answers of <M> and <W>	5
<W>	unmarried <W> and <M>	5
<M>	puerto rican <M> and <W>	5
<M>	all holy <M> and <W>	5
<M>	all married <M> and <W>	5
<M>	proportioned <M> and <W>	5
<M>	skinned <M> and <W> from moscow	5
<M>	small <M> and <W>	5
<M>	society <M> and <W>	5
<W>	two <W> to every <M>	5
<M>	some <M> and <W> in it	5
<M>	privilege <M> over <W>	5
<M>	productive <M> and <W>	5
<M>	all successful <M> and <W>	5
<M>	all strapping <M> and <W>	5
<M>	all tall <M> and <W>	5
<M>	all tme <M> and <W>	5
<W>	twenty <W> and <M>	5
<M>	primitive <M> and <W>	5
<M>	all up <M> and <W>	5
<M>	all working <M> and <W>	5
<M>	praying <M> and <W>	5
<M>	all ye <M> and <W>	5
<M>	positive <M> and <W> on therapy	5
<M>	poorest old <M> and <W> in parish	5
partners	<M> sexual partners of <W>	5
<M>	alternate <M> and <W>	5
<M>	america 's <M> and <W> in uniform	5
partners	<W> partners by <M>	5
<M>	some beloved <M> and <W>	5
<M>	police <M> and <W>	5
<M>	some older <M> and <W>	5
look	<M> look at <W>	5
<W>	some old <W> and <M>	5
<M>	south vietnamese <M> and <W>	5
<M>	applauding <M> and <W>	5
<M>	partnered american <M> and <W>	5
<W>	some <W> seated and <M>	5
<M>	part <M> and <W>	5
<M>	army <M> and <W>	5
<M>	palestinian <M> and <W>	5
<M>	army <M> <W> and civilians	5
<M>	stimulating <M> and <W>	5
attraction	<M> 's sexual attraction to <W>	5
attraction	<M> 's attraction to <W>	5
<M>	overworked <M> and <W>	5
attractiveness	<M> attractiveness for <W>	5
<M>	strong <M> and <W> thru their struggles	5
<M>	strong <M> and <W> can labor	5
<M>	such <M> and <W> as persons	5
<M>	<M> or remonstrance from <W>	5
<M>	our iroquois <M> and <W>	5
<M>	<M> or <W> passing	5
<M>	<M> or <W> have	5
<M>	our greatest <M> and <W>	5
<M>	our future <M> and <W>	5
bargaining	<W> bargaining shrewdly with <M>	5
<M>	best young <M> and <W>	5
<M>	sunday many <M> and <W>	5
<M>	superb <M> and <W>	5
<M>	black <M> and all <W>	5
<M>	suitable <M> and <W>	5
<M>	black <M> than <W>	5
<W>	our <W> and <M>	5
<M>	other politicians <M> and <W>	5
<M>	both <M> <W> and all	5
<M>	both <M> and <W> is	5
<M>	both <M> and <W> in data	5
<M>	both <M> and <W> have	5
<M>	both <M> and <W> at time	5
<M>	both <M> and <W> at court	5
<M>	terrified <M> and <W>	5
<M>	terms <M> and <W>	5
<M>	other consecrated <M> and <W>	5
<M>	other <M> than <W>	5
<W>	only <W> amongst <M>	5
<W>	only <W> among <M>	5
<M>	both homosexual <M> and <W>	5
<M>	both their <M> and <W>	5
<M>	both white <M> and <W>	5
<M>	their old <M> and <W>	5
<M>	them strong little <M> and <W>	5
<M>	then living <M> and <W>	5
<W>	not all <W> and <M>	5
<W>	not <W> and <M>	5
<M>	thoughtful <M> and <W> in germany	5
<M>	brutish <M> and <W>	5
<M>	budding <M> and <W>	5
<M>	organization <M> and <W>	5
<M>	ordinary young <M> and <W>	5
<M>	business <M> at noon criminals and <W>	5
<M>	or <M> and <W>	5
<M>	only two <M> and <W>	5
interest	<M> 's interest in <W>	5
<W>	more black <W> than <M>	5
<M>	came <M> and <W>	5
<W>	more <W> or <M>	5
<M>	celibate <M> and <W>	5
<M>	certain <M> and <W> whose	5
<M>	chaste <M> for <W>	5
<M>	chattering <M> and <W>	5
<M>	three generous young <M> and <W>	5
<M>	only <M> and <W> in world to owe	5
<M>	only <M> and <W> possessed	5
reactions	<W> 's reactions to <M>	5
<M>	one native <M> and <W>	5
<M>	christ <M> and <W>	5
<W>	many black <W> and <M>	5
<M>	christian country <M> and <W>	5
<W>	many beautiful <W> and <M>	5
<M>	church <M> and <W>	5
<M>	one <M> to <W>	5
<M>	civil wars <M> and <W>	5
independence	<W> 's independence from <M>	5
relations	other <W> relations of <M>	5
inch	nearly an inch for <W> and <M>	5
<M>	comparing <M> and <W>	5
relatives	<W> 's <M> relatives	5
<W>	its strong <W> and its <M>	5
<M>	old <M> and <W> with steel	5
<W>	irish <W> and <M>	5
<M>	old <M> and <W> in passage	5
<M>	two <M> and some <W>	5
<M>	danish <M> and <W>	5
<M>	dangerous <M> and <W>	5
<M>	notable living <M> and <W>	5
<M>	daughters <M> and <W>	5
<W>	holy <W> as well as <M>	5
<W>	holy <W> and <M>	5
<M>	dead <M> or <W>	5
<M>	<M> instead <W>	5
<M>	not few <M> and <W>	5
<M>	democratic <M> and <W>	5
<W>	healthy <W> and <M>	5
<W>	headed <W> and <M>	5
<M>	devoted <M> and <W> performing	5
<M>	noisy <M> and <W>	5
<M>	nobler <M> and <W>	5
<M>	noble slavery <M> and <W>	5
<M>	distinguished <M> and <W> of all parties	5
<M>	noble <M> and <W> doing	5
<M>	divers <M> and <W>	5
<W>	free <W> and <M>	5
<M>	dressed young <M> and <W>	5
<M>	dressed <M> and <W> crowded	5
<W>	fat <W> and <M>	5
<M>	two <M> to <W>	5
<W>	famishing <W> children and <M>	5
<M>	earliest <M> and <W>	5
<M>	earnest white <M> and <W> had served	5
<M>	earthly <M> and <W>	5
<M>	nine <M> in room and <W>	5
savior	<M> savior save <W>	5
<W>	european <W> and <M>	5
<M>	elder <M> and <W>	5
<M>	either young <M> or <W>	5
<M>	elderly framingham <M> and <W>	5
<M>	elderly <M> than <W>	5
<W>	elite <W> and <M>	5
<W>	eighteen <W> and <M>	5
<M>	neither old <M> nor <W>	5
<M>	neither do <M> and <W>	5
<M>	two either <M> or <W>	5
<W>	dissatisfied <W> and <M>	5
<M>	near seventy <M> and <W>	5
<M>	natured <M> and <W>	5
<M>	nature <M> and <W>	5
<W>	delightful <W> and <M>	5
<M>	mystery <M> and <W>	5
<W>	countless <W> and <M>	5
<M>	even aged <M> and <W>	5
<M>	my fifty <M> and <W> naming	5
shape	desirable <W> body shape by <M>	5
<M>	ugly <M> and <W>	5
<M>	even young <M> and <W>	5
<M>	every muslim <M> and <W>	5
<M>	mounted <M> and <W>	5
<M>	unmarried young <M> and <W>	5
<M>	extraordinary <M> and <W>	5
<M>	unsuspecting <M> and <W>	5
<M>	faced hurrying <M> and <W>	5
<M>	us better <M> and <W>	5
<M>	most part <M> and <W>	5
<M>	valuable <M> and <W>	5
<M>	fallible <M> and <W>	5
<W>	beauport <W> and <M>	5
<M>	most <M> or <W>	5
<M>	village <M> and <W>	5
<W>	bad <W> than <M>	5
<M>	views different <M> and <W>	5
<M>	voices <M> and <W>	5
<M>	well <M> as <W>	5
<M>	whatever <M> and <W>	5
<M>	whereas <M> and <W>	5
<M>	few brave <M> and <W>	5
<M>	more minded <M> and <W>	5
<M>	more black <M> than <W>	5
<M>	few good <M> and <W>	5
span	<W> span and <M>	5
<W>	all <W> or all <M>	5
<M>	fifteen young <M> and <W>	5
<M>	fine young <M> and <W>	5
<W>	all <W> and percent of all <M>	5
<W>	active <W> and <M>	5
<M>	first two <M> or <W>	5
<M>	million <M> and <W>	5
<M>	wise <M> or <W>	5
<M>	middling <M> and <W>	5
<M>	middle aged <M> and <W>	5
<M>	working <M> and <W> of country	5
<M>	worst <M> and <W>	5
<M>	following <M> and <W>	5
<M>	for white <M> and <W>	5
<M>	you <M> and <W> have never heard	5
<M>	young <M> and <W> falling	5
<M>	young <M> and <W> together	5
<M>	young <M> and <W> thrown	5
subservience	<W> 's subservience to <M>	5
<M>	young <M> and <W> out	5
<M>	young <M> and <W> in countries	5
<M>	many working <M> and <W>	5
<M>	many weary <M> and <W>	5
<M>	many unfortunate <M> and <W>	5
<M>	many single <M> and <W>	5
<M>	many old <M> and <W> had seen	5
<W>	<W> towards <M>	5
<M>	many irish <M> and <W>	5
<M>	many interesting <M> and <W>	5
<M>	many devoted <M> and <W>	5
<M>	<M> as active and <W>	5
<M>	gifted <M> and <W> have gone	5
<M>	many cultivated <M> and <W>	5
<M>	many busy <M> and <W>	5
<M>	many aged <M> and <W>	5
<M>	good <M> and <W> had helped	5
cowards	<M> cowards and <W>	5
<M>	young <M> than <W>	5
<M>	young english <M> and <W>	5
<M>	young french <M> and <W>	5
<M>	young muslim <M> and <W>	5
<M>	young white <M> and <W>	5
<M>	great <M> and <W> whose	5
<M>	your chief <M> and <W>	5
<M>	your young <M> and <W>	5
tire	<W> <M> tire of	5
<W>	11 <W> and <M>	5
<M>	<M> and nine for <W>	5
<W>	17 <W> and <M>	5
<M>	great <M> than <W>	5
<M>	great church <M> and <W>	5
<W>	22 <W> and <M>	5
<W>	20 <W> and <M>	5
<M>	many <M> and <W> in south	5
<M>	many <M> and <W> among slaves	5
<W>	3 <W> and <M>	5
<M>	many <M> and <W> in states	5
<M>	<M> and his <W> <W>	5
<W>	33 <W> and <M>	5
<M>	<M> and gowns for <W>	5
<W>	5 <W> and <M>	5
<W>	<M> 's disliking <W>	5
<M>	mankind <M> and <W>	5
<M>	<M> and dresses for <W>	5
<W>	<M> novelists ' <W>	5
<M>	grown <M> and <W> studying	5
<W>	<W> about <M>	5
triumph	<M> triumph over <W>	5
exploitation	sexual exploitation of <W> by <M>	5
exploitation	exploitation of <W> by <M>	5
<W>	<W> an <M>	5
<W>	<W> and <M> with alopecia	5
<W>	<W> and <M> 's roles	5
<W>	<W> and <M> 's access	5
<M>	<M> and <W> young	5
<M>	<M> and <W> writes	5
<M>	<M> and <W> within family	5
<M>	<M> and <W> with occupations	5
<M>	<M> and <W> with interest	5
<M>	<M> and <W> with faces	5
<M>	<M> and <W> willing	5
<M>	<M> and <W> will make	5
<M>	<M> and <W> wear	5
<M>	<M> and <W> watching	5
<M>	<M> and <W> walked	5
<M>	<M> and <W> withdrawn	5
<M>	<M> and <W> with system	5
<M>	<M> and <W> with respect	5
<M>	<M> and <W> toward bond	5
<M>	<M> and <W> when sleep	5
<M>	<M> and <W> were running	5
<M>	<M> and <W> than	5
<M>	<M> and <W> suffered	5
<M>	<M> and <W> singing	5
<M>	<M> and <W> shouting	5
<M>	<M> and <W> should never suspect	5
<M>	<M> and <W> set about	5
<W>	<W> and children than <M>	5
<M>	hard working <M> and <W>	5
<M>	<M> and <W> sang	5
<M>	<M> and <W> sacrificing	5
<M>	<M> and <W> running	5
<M>	<M> and <W> represented	5
<M>	<M> and <W> paid	5
<M>	<M> and <W> pure	5
<M>	<M> and <W> prominent in life	5
<M>	<M> and <W> prepared	5
<M>	<M> and <W> placed	5
<M>	<M> and <W> pay	5
<M>	<M> and <W> on walls	5
<M>	<M> and <W> on spot	5
<M>	<M> and <W> on north	5
<M>	<M> and <W> on land	5
<M>	<M> and <W> on board	5
<M>	<M> and <W> on an footing	5
<M>	<M> and <W> of troy	5
<M>	<M> and <W> of surface	5
<M>	<M> and <W> of renaissance	5
<M>	<M> and <W> of rebels	5
<M>	<M> and <W> of tribe	5
<M>	little <M> and <W> have	5
<M>	<M> and <W> of our time	5
<M>	<M> and <W> of life	5
<M>	<M> and <W> of his age	5
<M>	<M> and <W> of groups	5
<M>	<M> and <W> of genius give	5
<M>	<M> and <W> of distinction met	5
<M>	<M> and <W> of disposition	5
<M>	<M> and <W> of country toil	5
<M>	<M> and <W> of countries	5
<M>	<M> and <W> of congregation	5
<M>	<M> and <W> of community	5
<M>	<M> and <W> needed	5
<M>	<M> and <W> named	5
<M>	<M> and <W> move	5
<M>	<M> and <W> marrying	5
<M>	<M> and <W> love	5
<M>	<M> and <W> looked	5
<M>	<M> and <W> listening	5
<M>	<M> and <W> joined	5
<M>	<M> and <W> individually on my shoulders	5
<M>	<M> and <W> in villages	5
<M>	<M> and <W> in village	5
<M>	<M> and <W> in trial	5
<M>	<M> and <W> in treatment	5
<M>	<M> and <W> in training	5
<M>	<M> and <W> in times	5
<M>	<M> and <W> in places	5
<M>	<M> and <W> in pews	5
<M>	<M> and <W> in sample	5
<M>	<M> and <W> in power	5
<M>	<M> and <W> in oath	5
<M>	<M> and <W> in danger	5
<M>	<M> and <W> in crowd	5
<M>	<M> and <W> in forms	5
<M>	<M> and <W> in field	5
<M>	her service <M> and <W>	5
<M>	<M> and <W> in bodies	5
<M>	<M> and <W> in each group	5
<M>	<M> and <W> in assemblies	5
<M>	<M> and <W> in all parts	5
<M>	<M> and <W> in age	5
<M>	<M> and <W> in africa	5
<M>	<M> and <W> imbued	5
<M>	<M> and <W> have served	5
<M>	<M> and <W> have known	5
<M>	<M> and <W> have described	5
<M>	<M> and <W> have been hindered	5
<M>	<M> and <W> have attained	5
<M>	<M> and <W> identified	5
<M>	<M> and <W> hurrying	5
<M>	<M> and <W> had served	5
<M>	<M> and <W> had heard	5
<M>	lewd <M> and <W>	5
<M>	<M> and <W> has met	5
<M>	<M> and <W> had walked	5
<M>	<M> and <W> from world	5
<M>	<M> and <W> from villages	5
<M>	<M> and <W> from village	5
<M>	<M> and <W> from groups	5
<M>	<M> and <W> from every walk	5
<M>	<M> and <W> from cultures	5
<M>	<M> and <W> from community	5
<M>	<M> and <W> from areas	5
<M>	<M> and <W> for others	5
<M>	<M> and <W> flocked	5
<M>	<M> and <W> from ranks	5
<M>	<M> and <W> form	5
<M>	<M> and <W> for years	5
<M>	<M> and <W> for time	5
<M>	<M> and <W> fighting	5
<M>	<M> and <W> famous	5
<M>	<M> and <W> failed	5
<M>	<M> and <W> exposed	5
<M>	<M> and <W> experiencing	5
<M>	<M> and <W> experienced	5
<M>	<M> and <W> engage	5
<M>	<M> and <W> dying	5
<M>	his <M> and his <W>	5
<M>	<M> and <W> devote	5
<M>	<M> and <W> developed	5
<W>	<W> and two for <M>	5
<M>	<M> and <W> considered	5
<M>	<M> and <W> concerned	5
<M>	<M> and <W> competing	5
<M>	<M> and <W> committed	5
<M>	<M> and <W> chosen	5
<M>	<M> and <W> busy	5
<M>	<M> and <W> brought up	5
<M>	<M> and <W> bring	5
<M>	<M> and <W> contract	5
<M>	<M> and <W> bound	5
<M>	<M> and <W> at levels	5
<M>	<M> and <W> at academy	5
<M>	<M> and <W> as rule	5
<M>	<M> and <W> as individuals	5
equals	<W> <M> 's equals	5
<M>	<M> and <W> as groups	5
<M>	<M> and <W> as access	5
<M>	<M> and <W> arrested	5
<M>	<M> and <W> around globe	5
<M>	<M> and <W> are working	5
<W>	<W> are and <M>	5
<M>	<M> and <W> 's sexuality	5
<M>	<M> and % in <W>	5
<M>	<M> and <W> admired	5
<M>	<M> and <W> actuated	5
<M>	<M> and <W> act	5
<M>	<M> and <W> according	5
<M>	<M> and <W> about her	5
<M>	<M> and <W> about	5
<M>	<M> and <W> able	5
<M>	<M> and <W> 's flesh	5
<M>	<M> and % for <W>	5
<M>	<M> and <W> 's participation	5
designation	<M> designation in all statutes to <W>	5
<M>	<M> <W> unfitted but life	5
<M>	<M> <W> and difference	5
<M>	<M> <W> strong and integrity	5
<M>	<M> <W> or stone	5
<M>	<M> <W> and every nationality	5
<M>	82 <M> and <W>	5
war	<W> war against <M> out	5
<M>	8 <M> and <W>	5
<M>	67 <M> and <W>	5
egg	<M> egg here and <W>	5
<M>	his young <M> and <W>	5
<M>	55 <M> and <W>	5
<M>	historical <M> and <W>	5
<M>	481 <M> and <W> aged	5
<M>	46 <M> and <W>	5
<M>	holy <M> or <W>	5
<M>	38 <M> and <W>	5
<M>	just such <M> and <W>	5
<M>	3,000 <M> and <W>	5
<M>	250 <M> and <W>	5
<M>	how we <M> and <W> love	5
<M>	jubilant <M> and <W>	5
duties	duties of <M> and <W>	5
<M>	2 <M> and <W>	5
<M>	19 <M> and <W>	5
<M>	189 <M> and <W>	5
<M>	hurrying <M> and <W>	5
work	<W> 's work and <M> 's work	5
<M>	110 <M> and <W>	5
<M>	illiterate <M> and <W>	5
<M>	its eminent <M> and <W>	5
<M>	immoral <M> and <W>	5
<M>	important <M> and <W>	5
<M>	immortal <M> and <W>	5
<M>	000 <M> and <W>	5
<M>	interesting <M> and some <W>	5
<M>	influential <M> and <W>	5
<M>	intemperate <M> and <W>	5
<M>	intellectual <M> and <W> over	5
<M>	inherent <M> and <W>	5
